-- migrate up

-- continent
INSERT INTO scheduler.continent (id_continent, "name", code) VALUES
(1, 'Europe', 'EU'),
(2, 'Asia', 'AS'),
(3, 'North America', 'NA'),
(4, 'Africa', 'AF'),
(5, 'Antarctica', 'AN'),
(6, 'South America', 'SA'),
(7, 'Australia', 'OC');

-- region
INSERT INTO scheduler.region (id_region, "name") VALUES
(1, 'Western Europe'),
(2, 'Western Asia'),
(3, 'Central Asia'),
(4, 'Caribbean'),
(5, 'Eastern Europe'),
(6, 'Central Africa'),
(7, 'Antarctica'),
(8, 'South America'),
(9, 'Oceania'),
(10, 'Southern Asia'),
(11, 'Western Africa'),
(12, 'Eastern Africa'),
(13, 'South-Eastern Asia'),
(14, 'Southern Africa'),
(15, 'Central America'),
(16, 'North America'),
(17, 'Eastern Asia'),
(18, 'Northern Africa');


-- country
INSERT INTO scheduler.country (id_country,"name",iso_code,phone_prefix,fk_continent,fk_region,fk_timezone,is_european_union,lat,long) VALUES
(1,'Afghanistan','AF','93',2,3,192,false,33.93911000000,67.70995300000),
(2,'Aland Islands','AX','+358-18',1,1,378,false,60.17852470000,19.91561050000),
(3,'Albania','AL','355',1,6,295,false,41.15333200000,20.16833100000),
(4,'Algeria','DZ','213',8,62,3,false,28.03388600000,1.65962600000),
(5,'American Samoa','AS','+1-684',11,11,337,false,-14.27097200000,-170.13221700000),
(6,'Andorra','AD','376',1,1,258,false,42.50628500000,1.52180100000),
(7,'Angola','AO','244',8,8,350,false,-11.20269200000,17.87388700000),
(8,'Anguilla','AI','+1-264',4,4,348,false,18.22055400000,-63.06861500000),
(9,'Antarctica','AQ','',9,9,376,false,-82.86275200000,135.00000000000),
(10,'Antigua and Barbuda','AG','+1-268',4,4,397,false,17.06081600000,-61.79642800000),
(11,'Argentina','AR','54',10,10,30,false,-38.41609700000,-63.61667200000),
(12,'Armenia','AM','374',2,2,235,false,40.06909900000,45.03818900000),
(13,'Aruba','AW','297',4,4,377,false,12.52111000000,-69.96833800000),
(14,'Australia','AU','61',11,11,249,false,-25.27439800000,133.77513600000),
(15,'Austria','AT','43',1,1,298,true,47.51623100000,14.55007200000),
(16,'Azerbaijan','AZ','994',2,2,168,false,40.14310500000,47.57692700000),
(17,'Bahamas','BS','+1-242',4,4,108,false,25.03428000000,-77.39628000000),
(18,'Bahrain','BH','973',2,2,379,false,26.06670000000,50.55770000000),
(19,'Bangladesh','BD','880',2,19,178,false,23.68499400000,90.35633100000),
(20,'Barbados','BB','+1-246',4,4,39,false,13.19388700000,-59.54319800000),
(21,'Belarus','BY','375',1,6,280,false,53.70980700000,27.95338900000),
(22,'Belgium','BE','32',1,1,263,true,50.50388700000,4.46993600000),
(23,'Belize','BZ','501',4,37,41,false,17.18987700000,-88.49765000000),
(24,'Benin','BJ','229',8,21,381,false,9.30769000000,2.31583400000),
(25,'Bermuda','BM','+1-441',4,4,237,false,32.30780000000,-64.75050000000),
(26,'Bhutan','BT','975',2,19,225,false,27.51416200000,90.43360100000),
(27,'Bolivia','BO','591',10,10,91,false,-16.29015400000,-63.58865300000),
(28,'Bonaire, Saint Eustatius and Saba ','BQ','599',4,4,56,false,12.17836110000,-68.23853390000),
(29,'Bosnia and Herzegovina','BA','387',1,6,289,false,43.91588600000,17.67907600000),
(30,'Botswana','BW','267',8,35,382,false,-22.32847400000,24.68486600000),
(31,'Bouvet Island','BV','',9,9,283,false,-54.42079150000,3.34644970000),
(32,'Brazil','BR','55',10,10,47,false,-14.23500400000,-51.92528000000),
(33,'British Indian Ocean Territory','IO','246',2,28,304,false,-6.34319400000,71.87651900000),
(34,'British Virgin Islands','VG','+1-284',4,4,359,false,18.42069500000,-64.63996800000),
(35,'Brunei','BN','673',2,28,173,false,4.53527700000,114.72766900000),
(36,'Bulgaria','BG','359',1,6,292,true,42.73388300000,25.48583000000),
(37,'Burkina Faso','BF','226',8,21,349,false,12.23833300000,-1.56159300000),
(38,'Burundi','BI','257',8,24,380,false,-3.37305600000,29.91888600000),
(39,'Cambodia','KH','855',2,28,398,false,12.56567900000,104.99096300000),
(40,'Cameroon','CM','237',8,8,386,false,7.36972200000,12.35472200000),
(41,'Canada','CA','1',4,38,129,false,56.13036600000,-106.34677100000),
(42,'Cape Verde','CV','238',8,21,239,false,16.53880000000,-23.04180000000),
(43,'Cayman Islands','KY','+1-345',4,4,402,false,19.31330000000,-81.25460000000),
(44,'Central African Republic','CF','236',8,8,384,false,6.61111100000,20.93944400000),
(45,'Chad','TD','235',8,8,16,false,15.45416600000,18.73220700000),
(46,'Chile','CL','56',10,10,133,false,-35.67514700000,-71.54296900000),
(47,'China','CN','86',2,48,218,false,35.86166000000,104.19539700000),
(48,'Christmas Island','CX','61',2,28,305,false,-10.44752500000,105.69044900000),
(49,'Cocos Islands','CC','61',2,28,306,false,-12.16416500000,96.87095600000),
(50,'Colombia','CO','57',10,10,44,false,4.57086800000,-74.29733300000),
(51,'Comoros','KM','269',8,24,399,false,-11.64550000000,43.33330000000),
(52,'Cook Islands','CK','682',11,11,342,false,-21.23673600000,-159.77767100000),
(53,'Costa Rica','CR','506',4,37,53,false,9.74891700000,-83.75342800000),
(54,'Croatia','HR','385',1,6,372,true,45.10000000000,15.20000010000),
(55,'Cuba','CU','53',4,4,75,false,21.52175700000,-77.78116700000),
(56,'Curacao','CW','599',4,4,56,false,12.16957000000,-68.99002000000),
(57,'Cyprus','CY','357',1,2,205,true,35.12641300000,33.42985900000),
(58,'Czechia','CZ','420',1,6,285,true,49.81749200000,15.47296200000),
(59,'Democratic Republic of the Congo','CD','243',8,8,383,false,-4.03833300000,21.75866400000),
(60,'Denmark','DK','45',1,1,267,true,56.26392000000,9.50178500000),
(61,'Djibouti','DJ','253',8,24,387,false,11.82513800000,42.59027500000),
(62,'Dominica','DM','+1-767',4,4,388,false,15.41499900000,-61.37097600000),
(63,'Dominican Republic','DO','+1-809 and 1-829',4,4,134,false,18.73569300000,-70.16265100000),
(64,'East Timor','TL','670',11,11,179,false,-8.87421700000,125.72753900000),
(65,'Ecuador','EC','593',10,10,72,false,-1.83123900000,-78.18340600000),
(66,'Egypt','EG','20',8,62,5,false,26.82055300000,30.80249800000),
(67,'El Salvador','SV','503',4,37,64,false,13.79418500000,-88.89653000000),
(68,'Equatorial Guinea','GQ','240',8,8,396,false,1.65080100000,10.26789500000),
(69,'Eritrea','ER','291',8,24,389,false,15.17938400000,39.78233400000),
(70,'Estonia','EE','372',1,6,294,true,58.59527200000,25.01360710000),
(71,'Ethiopia','ET','251',8,24,390,false,9.14500000000,40.48967300000),
(72,'Falkland Islands','FK','500',10,10,244,false,-51.79625300000,-59.52361300000),
(73,'Faroe Islands','FO','298',1,1,391,false,61.89263500000,-6.91180610000),
(74,'Fiji','FJ','679',11,11,321,false,-17.71337100000,178.06503200000),
(75,'Finland','FI','358',1,1,270,true,61.92411000000,25.74815110000),
(76,'France','FR','33',1,1,284,true,46.22763800000,2.21374900000),
(77,'French Guiana','GF','594',10,10,50,false,3.93388900000,-53.12578200000),
(78,'French Polynesia','PF','689',11,11,343,false,-17.67974200000,-149.40684300000),
(79,'French Southern Territories','TF','',9,9,307,false,-49.28036600000,69.34855710000),
(80,'Gabon','GA','241',8,8,392,false,-0.80368900000,11.60944400000),
(81,'Gambia','GM','220',8,21,371,false,13.44318200000,-15.31013900000),
(82,'Georgia','GE','995',2,2,223,false,42.31540700000,43.35689200000),
(83,'Germany','DE','49',1,1,262,true,51.16569100000,10.45152600000),
(84,'Ghana','GH','233',8,21,2,false,7.94652700000,-1.02319400000),
(85,'Gibraltar','GI','350',1,1,269,false,36.14075100000,-5.35358500000),
(86,'Greece','GR','30',1,6,260,true,39.07420800000,21.82431200000),
(87,'Greenland','GL','299',4,38,68,false,71.70693600000,-42.60430300000),
(88,'Grenada','GD','+1-473',4,4,393,false,12.11650000000,-61.67900000000),
(89,'Guadeloupe','GP','590',4,4,395,false,16.26500000000,-61.55100000000),
(90,'Guam','GU','+1-671',11,11,326,false,13.44430400000,144.79373100000),
(91,'Guatemala','GT','502',4,37,71,false,15.78347100000,-90.23075900000),
(92,'Guernsey','GG','+44-1481',1,1,394,false,49.46569100000,-2.58527800000),
(93,'Guinea','GN','224',8,21,369,false,9.94558700000,-9.69664500000),
(94,'Guinea-Bissau','GW','245',8,21,4,false,11.80374900000,-15.18041300000),
(95,'Guyana','GY','592',10,10,73,false,4.86041600000,-58.93018000000),
(96,'Haiti','HT','509',4,4,121,false,18.97118700000,-72.28521500000),
(97,'Heard Island and McDonald Islands','HM',' ',9,9,154,false,-53.08181000000,73.50415800000),
(98,'Honduras','HN','504',4,37,140,false,15.19999900000,-86.24190500000),
(99,'Hong Kong','HK','852',2,48,186,false,22.31930390000,114.16936110000),
(100,'Hungary','HU','36',1,6,265,true,47.16249400000,19.50330410000),
(101,'Iceland','IS','354',1,1,242,false,64.96305100000,-19.02083500000),
(102,'India','IN','91',2,19,374,false,20.59368400000,78.96288000000),
(103,'Indonesia','ID','62',2,28,210,false,-0.78927500000,113.92132700000),
(104,'Iran','IR','98',2,19,224,false,32.42790800000,53.68804600000),
(105,'Iraq','IQ','964',2,2,167,false,33.22319100000,43.67929100000),
(106,'Ireland','IE','353',1,1,268,true,53.41291000000,-8.24389000000),
(107,'Isle of Man','IM','+44-1624',1,1,373,false,54.23610700000,-4.54805600000),
(108,'Israel','IL','972',2,2,191,false,31.04605100000,34.85161200000),
(109,'Italy','IT','39',1,1,287,true,41.87194000000,12.56738000000),
(110,'Ivory Coast','CI','225',8,21,1,false,7.53998900000,-5.54708000000),
(111,'Jamaica','JM','+1-876',4,4,87,false,18.10958100000,-77.29750800000),
(112,'Japan','JP','81',2,48,226,false,36.20482400000,138.25292400000),
(113,'Jersey','JE','+44-1534',1,1,375,false,49.21443900000,-2.13125000000),
(114,'Jordan','JO','962',2,2,161,false,30.58516400000,36.23841400000),
(115,'Kazakhstan','KZ','7',2,3,160,false,48.01957300000,66.92368400000),
(116,'Kenya','KE','254',8,24,15,false,-0.02355900000,37.90619300000),
(117,'Kiribati','KI','686',11,11,344,false,-3.37041700000,-168.73403900000),
(118,'Kuwait','KW','965',2,2,401,false,29.31166000000,47.48176600000),
(119,'Kyrgyzstan','KG','996',2,3,172,false,41.20438000000,74.76609800000),
(120,'Laos','LA','856',2,28,403,false,19.85627000000,102.49549600000),
(121,'Latvia','LV','371',1,6,286,true,56.87963500000,24.60318900000),
(122,'Lebanon','LB','961',2,2,171,false,33.85472100000,35.86228500000),
(123,'Lesotho','LS','266',8,35,406,false,-29.60998800000,28.23360800000),
(124,'Liberia','LR','231',8,21,14,false,6.42805500000,-9.42949900000),
(125,'Libya','LY','218',8,62,17,false,26.33510000000,17.22833100000),
(126,'Liechtenstein','LI','423',1,1,405,false,47.16600000000,9.55537300000),
(127,'Lithuania','LT','370',1,6,299,true,55.16943800000,23.88127500000),
(128,'Luxembourg','LU','352',1,1,277,true,49.81527300000,6.12958300000),
(129,'Macao','MO','853',2,48,201,false,22.19874500000,113.54387300000),
(130,'Madagascar','MG','261',8,24,408,false,-18.76694700000,46.86910700000),
(131,'Malawi','MW','265',8,24,413,false,-13.25430800000,34.30152500000),
(132,'Malaysia','MY','60',2,28,199,false,4.21048400000,101.97576600000),
(133,'Maldives','MV','960',2,19,309,false,3.20277800000,73.22068000000),
(134,'Mali','ML','223',8,21,366,false,17.57069200000,-3.99616600000),
(135,'Malta','MT','356',1,1,279,true,35.93749600000,14.37541600000),
(136,'Marshall Islands','MH','692',11,11,331,false,7.13147400000,171.18447800000),
(137,'Martinique','MQ','596',4,4,97,false,14.64152800000,-61.02417400000),
(138,'Mauritania','MR','222',8,21,367,false,21.00789000000,-10.94083500000),
(139,'Mauritius','MU','230',8,24,310,false,-20.34840400000,57.55215200000),
(240,'Mayotte','YT','262',8,24,363,false,-12.82750000000,45.16624400000),
(141,'Mexico','MX','52',4,37,103,false,23.63450100000,-102.55278400000),
(142,'Micronesia','FM','691',11,11,340,false,7.42555400000,150.55081200000),
(143,'Moldova','MD','373',1,6,266,false,47.41163100000,28.36988500000),
(134,'Monaco','MC','377',1,1,281,false,43.73841760000,7.42461580000),
(145,'Mongolia','MN','976',2,48,228,false,46.86249600000,103.84665600000),
(146,'Montenegro','ME','382',1,6,407,false,42.70867800000,19.37439000000),
(147,'Montserrat','MS','+1-664',4,4,412,false,16.74249800000,-62.18736600000),
(148,'Morocco','MA','212',8,62,6,false,31.79170200000,-7.09262000000),
(149,'Mozambique','MZ','258',8,24,13,false,-18.66569500000,35.52956200000),
(150,'Myanmar','MM','95',2,28,410,false,21.91622100000,95.95597400000),
(151,'Namibia','NA','264',8,35,19,false,-22.95764000000,18.49041000000),
(152,'Nauru','NR','674',11,11,333,false,-0.52277800000,166.93150300000),
(153,'Nepal','NP','977',2,19,415,false,28.39485700000,84.12400800000),
(154,'Netherlands','NL','31',1,1,257,true,52.13263300000,5.29126600000),
(155,'New Caledonia','NC','687',11,11,336,false,-20.90430500000,165.61804200000),
(156,'New Zealand','NZ','64',11,11,313,false,-40.90055700000,174.88597100000),
(157,'Nicaragua','NI','505',4,37,95,false,12.86541600000,-85.20722900000),
(158,'Niger','NE','227',8,21,414,false,17.60778900000,8.08166600000),
(159,'Nigeria','NG','234',8,21,12,false,9.08199900000,8.67527700000),
(160,'Niue','NU','683',11,11,334,false,-19.05444500000,-169.86723300000),
(161,'Norfolk Island','NF','672',11,11,335,false,-29.04083500000,167.95471200000),
(162,'Northern Mariana Islands','MP','+1-670',11,11,411,false,15.09790000000,145.67390000000),
(163,'North Korea','KP','850',2,48,211,false,40.33985200000,127.51009300000),
(164,'North Macedonia','MK','389',1,6,409,false,41.60863500000,21.74527500000),
(165,'Norway','NO','47',1,1,283,false,60.47202400000,8.46894600000),
(166,'Oman','OM','968',2,2,416,false,21.47353290000,55.97541300000),
(167,'Pakistan','PK','92',2,19,194,false,30.37532100000,69.34511600000),
(168,'Palau','PW','680',11,11,338,false,7.51498000000,134.58252000000),
(169,'Palestinian Territory','PS','970',2,2,184,false,31.95216200000,35.23315400000),
(170,'Panama','PA','507',4,37,117,false,8.53798100000,-80.78212700000),
(171,'Papua New Guinea','PG','675',11,11,341,false,-6.31499300000,143.95555000000),
(172,'Paraguay','PY','595',10,10,35,false,-23.44250300000,-58.44383200000),
(173,'Peru','PE','51',10,10,92,false,-9.18996700000,-75.01515200000),
(174,'Philippines','PH','63',2,28,204,false,12.87972100000,121.77401700000),
(175,'Pitcairn','PN','870',11,11,339,false,-24.37675370000,-128.32423760000),
(176,'Poland','PL','48',1,6,301,true,51.91943800000,19.14513600000),
(177,'Portugal','PT','351',1,1,275,true,39.39987200000,-8.22445400000),
(178,'Puerto Rico','PR','+1-787 and 1-939',4,4,124,false,18.22083300000,-66.59014900000),
(179,'Qatar','QA','974',2,2,212,false,25.35482600000,51.18388400000),
(180,'Republic of the Congo','CG','242',8,8,385,false,-0.22802100000,15.82765900000),
(181,'Reunion','RE','262',8,24,311,false,-21.11514100000,55.53638400000),
(182,'Romania','RO','40',1,6,264,true,45.94316100000,24.96676000000),
(183,'Russia','RU','7',1,6,198,false,61.52401000000,105.31875600000),
(184,'Rwanda','RW','250',8,24,417,false,-1.94027800000,29.87388800000),
(185,'Saint Barthelemy','BL','590',4,4,122,false,17.90000000000,-62.83333300000),
(186,'Saint Helena','SH','290',8,21,356,false,-15.96501040000,-5.70892410000),
(187,'Saint Kitts and Nevis','KN','+1-869',4,4,400,false,17.35782200000,-62.78299800000),
(188,'Saint Lucia','LC','+1-758',4,4,404,false,13.90944400000,-60.97889300000),
(189,'Saint Martin','MF','590',4,4,122,false,18.07082980000,-63.05008090000),
(190,'Saint Pierre and Miquelon','PM','508',4,38,104,false,46.88520000000,-56.31590000000),
(191,'Saint Vincent and the Grenadines','VC','+1-784',4,4,355,false,12.98430500000,-61.28722800000),
(192,'Samoa','WS','685',11,11,312,false,-13.75902900000,-172.10462900000),
(193,'San Marino','SM','378',1,1,421,false,43.94236000000,12.45777700000),
(194,'Sao Tome and Principe','ST','239',8,8,370,false,0.18636000000,6.61308100000),
(195,'Saudi Arabia','SA','966',2,2,214,false,23.88594200000,45.07916200000),
(196,'Senegal','SN','221',8,21,369,false,14.49740100000,-14.45236200000),
(197,'Serbia','RS','381',1,6,261,false,44.01652100000,21.00585900000),
(198,'Seychelles','SC','248',8,24,308,false,-4.67957400000,55.49197700000),
(199,'Sierra Leone','SL','232',8,21,357,false,8.46055500000,-11.77988900000),
(200,'Singapore','SG','65',2,28,219,false,1.35208300000,103.81983600000),
(201,'Sint Maarten','SX','599',4,4,56,false,18.04248000000,-63.05483000000),
(202,'Slovakia','SK','421',1,6,420,true,48.66902600000,19.69902400000),
(203,'Slovenia','SI','386',1,6,418,true,46.15124100000,14.99546300000),
(204,'Solomon Islands','SB','677',11,11,325,false,-9.64571000000,160.15619400000),
(205,'Somalia','SO','252',8,24,351,false,5.15214900000,46.19961600000),
(206,'South Africa','ZA','27',8,35,9,false,-30.55948200000,22.93750600000),
(207,'South Georgia and the South Sandwich Islands','GS','',9,9,243,false,-54.42957900000,-36.58790900000),
(208,'South Korea','KR','82',2,48,217,false,35.90775700000,127.76692200000),
(209,'South Sudan','SS','211',8,24,10,false,6.87699190000,31.30697880000),
(210,'Spain','ES','34',1,1,278,true,40.46366700000,-3.74922000000),
(211,'Sri Lanka','LK','94',2,19,176,false,7.87305400000,80.77179700000),
(212,'Sudan','SD','249',8,24,11,false,12.86280700000,30.21763600000),
(213,'Suriname','SR','597',10,10,119,false,3.91930500000,-56.02778300000),
(214,'Svalbard and Jan Mayen','SJ','47',1,1,419,false,77.55360400000,23.67027190000),
(215,'Swaziland','SZ','268',8,35,352,false,-26.52250300000,31.46586600000),
(216,'Sweden','SE','46',1,1,293,true,60.12816100000,18.64350100000),
(217,'Switzerland','CH','41',1,1,303,false,46.81818800000,8.22751200000),
(218,'Syria','SY','963',2,2,177,false,34.80207500000,38.99681500000),
(219,'Taiwan','TW','886',2,48,221,false,23.69781000000,120.96051500000),
(220,'Tajikistan','TJ','992',2,3,181,false,38.86103400000,71.27609300000),
(221,'Tanzania','TZ','255',8,24,353,false,-6.36902800000,34.88882200000),
(222,'Thailand','TH','66',2,28,169,false,15.87003200000,100.99254100000),
(223,'Togo','TG','228',8,21,358,false,8.61954300000,0.82478200000),
(224,'Tokelau','TK','690',11,11,320,false,-9.20020000000,-171.84840000000),
(225,'Tonga','TO','676',11,11,345,false,-21.17898600000,-175.19824200000),
(226,'Trinidad and Tobago','TT','+1-868',4,4,122,false,10.69180300000,-61.22250300000),
(227,'Tunisia','TN','216',8,62,18,false,33.88691700000,9.53749900000),
(228,'Turkey','TR','90',2,2,271,false,38.96374500000,35.24332200000),
(229,'Turkmenistan','TM','993',2,3,165,false,38.96971900000,59.55627800000),
(230,'Turks and Caicos Islands','TC','+1-649',4,4,70,false,21.69402500000,-71.79792800000),
(231,'Tuvalu','TV','688',11,11,322,false,-7.10953500000,177.64933000000),
(232,'Uganda','UG','256',8,24,354,false,1.37333300000,32.29027500000),
(233,'Ukraine','UA','380',1,6,273,false,48.37943300000,31.16557990000),
(234,'United Arab Emirates','AE','971',2,2,180,false,23.42407600000,53.84781800000),
(235,'United Kingdom','GB','44',1,1,276,true,55.37805100000,-3.43597300000),
(236,'United States','US','1',4,38,51,false,37.09024000000,-95.71289100000),
(237,'United States Minor Outlying Islands','UM','1',11,11,346,false,19.28231920000,166.64704700000),
(238,'Uruguay','UY','598',10,10,107,false,-32.52277900000,-55.76583500000),
(239,'U.S. Virgin Islands','VI','+1-340',4,4,360,false,18.33576500000,-64.89633500000),
(240,'Uzbekistan','UZ','998',2,3,216,false,41.37749100000,64.58526200000),
(241,'Vanuatu','VU','678',11,11,318,false,-15.37670600000,166.95915800000),
(242,'Vatican','VA','379',1,1,287,false,41.90291600000,12.45338900000),
(243,'Venezuela','VE','58',10,10,49,false,6.42375000000,-66.58973000000),
(244,'Vietnam','VN','84',2,28,361,false,14.05832400000,108.27719900000),
(245,'Wallis and Futuna','WF','681',11,11,347,false,-14.29380000000,-178.11650000000),
(246,'Western Sahara','EH','212',8,62,8,false,24.21552700000,-12.88583400000),
(247,'Yemen','YE','967',2,2,362,false,15.55272700000,48.51638800000),
(248,'Zambia','ZM','260',8,24,364,false,-13.13389700000,27.84933200000),
(249,'Zimbabwe','ZW','263',8,24,365,false,-19.01543800000,29.15485700000);

-- timezone
INSERT INTO scheduler.timezone (id_timezone,"name",fk_country,"offset",offset_dst) VALUES
(1,'Africa/Abidjan',44,'+00:00','+00:00'),
(2,'Africa/Accra',82,'+00:00','+00:00'),
(3,'Africa/Algiers',62,'+01:00','+01:00'),
(4,'Africa/Bissau',93,'+00:00','+00:00'),
(5,'Africa/Cairo',65,'+02:00','+02:00'),
(6,'Africa/Casablanca',138,'+01:00','+01:00'),
(7,'Africa/Ceuta',68,'+01:00','+01:00'),
(8,'Africa/El_Aaiun',66,'+00:00','+01:00'),
(9,'Africa/Johannesburg',248,'+02:00','+02:00'),
(10,'Africa/Juba',198,'+03:00','+03:00'),
(11,'Africa/Khartoum',197,'+02:00','+02:00'),
(12,'Africa/Lagos',165,'+01:00','+01:00'),
(13,'Africa/Maputo',160,'+02:00','+02:00'),
(14,'Africa/Monrovia',132,'+00:00','+00:00'),
(15,'Africa/Nairobi',115,'+03:00','+03:00'),
(16,'Africa/Ndjamena',216,'+01:00','+01:00'),
(17,'Africa/Tripoli',137,'+02:00','+02:00'),
(18,'Africa/Tunis',224,'+01:00','+01:00'),
(19,'Africa/Windhoek',161,'+02:00','+02:00'),
(20,'America/Adak',234,'-10:00','-09:00'),
(21,'America/Anchorage',234,'-09:00','-08:00'),
(22,'America/Araguaina',31,'-03:00','-03:00'),
(23,'America/Argentina/Buenos_Aires',10,'-03:00','-03:00'),
(24,'America/Argentina/Catamarca',10,'-03:00','-03:00'),
(25,'America/Argentina/Cordoba',10,'-03:00','-03:00'),
(26,'America/Argentina/Jujuy',10,'-03:00','-03:00'),
(27,'America/Argentina/La_Rioja',10,'-03:00','-03:00'),
(28,'America/Argentina/Mendoza',10,'-03:00','-03:00'),
(29,'America/Argentina/Rio_Gallegos',10,'-03:00','-03:00'),
(30,'America/Argentina/Salta',10,'-03:00','-03:00'),
(31,'America/Argentina/San_Juan',10,'-03:00','-03:00'),
(32,'America/Argentina/San_Luis',10,'-03:00','-03:00'),
(33,'America/Argentina/Tucuman',10,'-03:00','-03:00'),
(34,'America/Argentina/Ushuaia',10,'-03:00','-03:00'),
(35,'America/Asuncion',187,'-04:00','-03:00'),
(36,'America/Atikokan',38,'-05:00','-05:00'),
(37,'America/Bahia',31,'-03:00','-03:00'),
(38,'America/Bahia_Banderas',158,'-06:00','-05:00'),
(39,'America/Barbados',18,'-04:00','-04:00'),
(40,'America/Belem',31,'-03:00','-03:00'),
(41,'America/Belize',37,'-06:00','-06:00'),
(42,'America/Blanc-Sablon',38,'-04:00','-04:00'),
(43,'America/Boa_Vista',31,'-04:00','-04:00'),
(44,'America/Bogota',49,'-05:00','-05:00'),
(45,'America/Boise',234,'-07:00','-06:00'),
(46,'America/Cambridge_Bay',38,'-07:00','-06:00'),
(47,'America/Campo_Grande',31,'-04:00','-03:00'),
(48,'America/Cancun',158,'-05:00','-05:00'),
(49,'America/Caracas',239,'-04:00','-04:00'),
(50,'America/Cayenne',80,'-03:00','-03:00'),
(51,'America/Chicago',234,'-06:00','-05:00'),
(52,'America/Chihuahua',158,'-07:00','-06:00'),
(53,'America/Costa_Rica',50,'-06:00','-06:00'),
(54,'America/Creston',38,'-07:00','-07:00'),
(55,'America/Cuiaba',31,'-04:00','-03:00'),
(56,'America/Curacao',53,'-04:00','-04:00'),
(57,'America/Danmarkshavn',84,'+00:00','+00:00'),
(58,'America/Dawson',38,'-08:00','-07:00'),
(59,'America/Dawson_Creek',38,'-07:00','-07:00'),
(60,'America/Denver',234,'-07:00','-06:00'),
(61,'America/Detroit',234,'-05:00','-04:00'),
(62,'America/Edmonton',38,'-07:00','-06:00'),
(63,'America/Eirunepe',31,'-05:00','-05:00'),
(64,'America/El_Salvador',211,'-06:00','-06:00'),
(65,'America/Fortaleza',31,'-03:00','-03:00'),
(66,'America/Fort_Nelson',38,'-07:00','-07:00'),
(67,'America/Glace_Bay',38,'-04:00','-03:00'),
(68,'America/Godthab',84,'-03:00','-02:00'),
(69,'America/Goose_Bay',38,'-04:00','-03:00'),
(70,'America/Grand_Turk',215,'-05:00','-04:00'),
(71,'America/Guatemala',91,'-06:00','-06:00'),
(72,'America/Guayaquil',63,'-05:00','-05:00'),
(73,'America/Guyana',94,'-04:00','-04:00'),
(74,'America/Halifax',38,'-04:00','-03:00'),
(75,'America/Havana',51,'-05:00','-04:00'),
(76,'America/Hermosillo',158,'-07:00','-07:00'),
(77,'America/Indiana/Indianapolis',234,'-05:00','-04:00'),
(78,'America/Indiana/Knox',234,'-06:00','-05:00'),
(79,'America/Indiana/Marengo',234,'-05:00','-04:00'),
(80,'America/Indiana/Petersburg',234,'-05:00','-04:00'),
(81,'America/Indiana/Tell_City',234,'-06:00','-05:00'),
(82,'America/Indiana/Vevay',234,'-05:00','-04:00'),
(83,'America/Indiana/Vincennes',234,'-05:00','-04:00'),
(84,'America/Indiana/Winamac',234,'-05:00','-04:00'),
(85,'America/Inuvik',38,'-07:00','-06:00'),
(86,'America/Iqaluit',38,'-05:00','-04:00'),
(87,'America/Jamaica',112,'-05:00','-05:00'),
(88,'America/Juneau',234,'-09:00','-08:00'),
(89,'America/Kentucky/Louisville',234,'-05:00','-04:00'),
(90,'America/Kentucky/Monticello',234,'-05:00','-04:00'),
(91,'America/La_Paz',29,'-04:00','-04:00'),
(92,'America/Lima',175,'-05:00','-05:00'),
(93,'America/Los_Angeles',234,'-08:00','-07:00'),
(94,'America/Maceio',31,'-03:00','-03:00'),
(95,'America/Managua',166,'-06:00','-06:00'),
(96,'America/Manaus',31,'-04:00','-04:00'),
(97,'America/Martinique',151,'-04:00','-04:00'),
(98,'America/Matamoros',158,'-06:00','-05:00'),
(99,'America/Mazatlan',158,'-07:00','-06:00'),
(100,'America/Menominee',234,'-06:00','-05:00'),
(101,'America/Merida',158,'-06:00','-05:00'),
(102,'America/Metlakatla',234,'-09:00','-08:00'),
(103,'America/Mexico_City',158,'-06:00','-05:00'),
(104,'America/Miquelon',181,'-03:00','-02:00'),
(105,'America/Moncton',38,'-04:00','-03:00'),
(106,'America/Monterrey',158,'-06:00','-05:00'),
(107,'America/Montevideo',235,'-03:00','-03:00'),
(108,'America/Nassau',32,'-05:00','-04:00'),
(109,'America/New_York',234,'-05:00','-04:00'),
(110,'America/Nipigon',38,'-05:00','-04:00'),
(111,'America/Nome',234,'-09:00','-08:00'),
(112,'America/Noronha',31,'-02:00','-02:00'),
(113,'America/North_Dakota/Beulah',234,'-06:00','-05:00'),
(114,'America/North_Dakota/Center',234,'-06:00','-05:00'),
(115,'America/North_Dakota/New_Salem',234,'-06:00','-05:00'),
(116,'America/Ojinaga',158,'-07:00','-06:00'),
(117,'America/Panama',174,'-05:00','-05:00'),
(118,'America/Pangnirtung',38,'-05:00','-04:00'),
(119,'America/Paramaribo',209,'-03:00','-03:00'),
(120,'America/Phoenix',234,'-07:00','-07:00'),
(121,'America/Port-au-Prince',99,'-05:00','-04:00'),
(122,'America/Port_of_Spain',227,'-04:00','-04:00'),
(123,'America/Porto_Velho',31,'-04:00','-04:00'),
(124,'America/Puerto_Rico',183,'-04:00','-04:00'),
(125,'America/Punta_Arenas',46,'-03:00','-03:00'),
(126,'America/Rainy_River',38,'-06:00','-05:00'),
(127,'America/Rankin_Inlet',38,'-06:00','-05:00'),
(128,'America/Recife',31,'-03:00','-03:00'),
(129,'America/Regina',38,'-06:00','-06:00'),
(130,'America/Resolute',38,'-06:00','-05:00'),
(131,'America/Rio_Branco',31,'-05:00','-05:00'),
(132,'America/Santarem',31,'-03:00','-03:00'),
(133,'America/Santiago',46,'-04:00','-03:00'),
(134,'America/Santo_Domingo',61,'-04:00','-04:00'),
(135,'America/Sao_Paulo',31,'-03:00','-03:00'),
(136,'America/Scoresbysund',84,'-01:00','+00:00'),
(137,'America/Sitka',234,'-09:00','-08:00'),
(138,'America/St_Johns',38,'-03:30','-02:30'),
(139,'America/Swift_Current',38,'-06:00','-06:00'),
(140,'America/Tegucigalpa',97,'-06:00','-06:00'),
(141,'America/Thule',84,'-04:00','-03:00'),
(142,'America/Thunder_Bay',38,'-05:00','-04:00'),
(143,'America/Tijuana',158,'-08:00','-07:00'),
(144,'America/Toronto',38,'-05:00','-04:00'),
(145,'America/Vancouver',38,'-08:00','-07:00'),
(146,'America/Whitehorse',38,'-08:00','-07:00'),
(147,'America/Winnipeg',38,'-06:00','-05:00'),
(148,'America/Yakutat',234,'-09:00','-08:00'),
(149,'America/Yellowknife',38,'-07:00','-06:00'),
(150,'Antarctica/Casey',9,'+11:00','+11:00'),
(151,'Antarctica/Davis',9,'+07:00','+07:00'),
(152,'Antarctica/DumontDUrville',9,'+10:00','+10:00'),
(153,'Antarctica/Macquarie',13,'+11:00','+11:00'),
(154,'Antarctica/Mawson',9,'+05:00','+05:00'),
(155,'Antarctica/Palmer',9,'-03:00','-03:00'),
(156,'Antarctica/Rothera',9,'-03:00','-03:00'),
(157,'Antarctica/Syowa',9,'+03:00','+03:00'),
(158,'Antarctica/Troll',9,'+00:00','+02:00'),
(159,'Antarctica/Vostok',9,'+06:00','+06:00'),
(160,'Asia/Almaty',126,'+06:00','+06:00'),
(161,'Asia/Amman',113,'+02:00','+03:00'),
(162,'Asia/Anadyr',192,'+12:00','+12:00'),
(163,'Asia/Aqtau',126,'+05:00','+05:00'),
(164,'Asia/Aqtobe',126,'+05:00','+05:00'),
(165,'Asia/Ashgabat',223,'+05:00','+05:00'),
(166,'Asia/Atyrau',126,'+05:00','+05:00'),
(167,'Asia/Baghdad',107,'+03:00','+03:00'),
(168,'Asia/Baku',16,'+04:00','+04:00'),
(169,'Asia/Bangkok',219,'+07:00','+07:00'),
(170,'Asia/Barnaul',192,'+07:00','+07:00'),
(171,'Asia/Beirut',128,'+02:00','+03:00'),
(172,'Asia/Bishkek',116,'+06:00','+06:00'),
(173,'Asia/Brunei',28,'+08:00','+08:00'),
(174,'Asia/Chita',192,'+09:00','+09:00'),
(175,'Asia/Choibalsan',148,'+08:00','+08:00'),
(176,'Asia/Colombo',131,'+05:30','+05:30'),
(177,'Asia/Damascus',213,'+02:00','+03:00'),
(178,'Asia/Dhaka',19,'+06:00','+06:00'),
(179,'Asia/Dili',222,'+09:00','+09:00'),
(180,'Asia/Dubai',2,'+04:00','+04:00'),
(181,'Asia/Dushanbe',220,'+05:00','+05:00'),
(182,'Asia/Famagusta',55,'+02:00','+02:00'),
(183,'Asia/Gaza',184,'+02:00','+03:00'),
(184,'Asia/Hebron',184,'+02:00','+03:00'),
(185,'Asia/Ho_Chi_Minh',242,'+07:00','+07:00'),
(186,'Asia/Hong_Kong',95,'+08:00','+08:00'),
(187,'Asia/Hovd',148,'+07:00','+07:00'),
(188,'Asia/Irkutsk',192,'+08:00','+08:00'),
(189,'Asia/Jakarta',101,'+07:00','+07:00'),
(190,'Asia/Jayapura',101,'+09:00','+09:00'),
(191,'Asia/Jerusalem',103,'+02:00','+03:00'),
(192,'Asia/Kabul',3,'+04:30','+04:30'),
(193,'Asia/Kamchatka',192,'+12:00','+12:00'),
(194,'Asia/Karachi',179,'+05:00','+05:00'),
(195,'Asia/Kathmandu',169,'+05:45','+05:45'),
(196,'Asia/Khandyga',192,'+09:00','+09:00'),
(197,'Asia/Kolkata',105,'+05:30','+05:30'),
(198,'Asia/Krasnoyarsk',192,'+07:00','+07:00'),
(199,'Asia/Kuala_Lumpur',159,'+08:00','+08:00'),
(200,'Asia/Kuching',159,'+08:00','+08:00'),
(201,'Asia/Macau',149,'+08:00','+08:00'),
(202,'Asia/Magadan',192,'+11:00','+11:00'),
(203,'Asia/Makassar',101,'+08:00','+08:00'),
(204,'Asia/Manila',178,'+08:00','+08:00'),
(205,'Asia/Nicosia',55,'+02:00','+03:00'),
(206,'Asia/Novokuznetsk',192,'+07:00','+07:00'),
(207,'Asia/Novosibirsk',192,'+07:00','+07:00'),
(208,'Asia/Omsk',192,'+06:00','+06:00'),
(209,'Asia/Oral',126,'+05:00','+05:00'),
(210,'Asia/Pontianak',101,'+07:00','+07:00'),
(211,'Asia/Pyongyang',121,'+09:00','+09:00'),
(212,'Asia/Qatar',188,'+03:00','+03:00'),
(213,'Asia/Qyzylorda',126,'+05:00','+05:00'),
(214,'Asia/Riyadh',194,'+03:00','+03:00'),
(215,'Asia/Sakhalin',192,'+11:00','+11:00'),
(216,'Asia/Samarkand',236,'+05:00','+05:00'),
(217,'Asia/Seoul',122,'+09:00','+09:00'),
(218,'Asia/Shanghai',48,'+08:00','+08:00'),
(219,'Asia/Singapore',200,'+08:00','+08:00'),
(220,'Asia/Srednekolymsk',192,'+11:00','+11:00'),
(221,'Asia/Taipei',229,'+08:00','+08:00'),
(222,'Asia/Tashkent',236,'+05:00','+05:00'),
(223,'Asia/Tbilisi',79,'+04:00','+04:00'),
(224,'Asia/Tehran',108,'+03:30','+04:30'),
(225,'Asia/Thimphu',33,'+06:00','+06:00'),
(226,'Asia/Tokyo',114,'+09:00','+09:00'),
(227,'Asia/Tomsk',192,'+07:00','+07:00'),
(228,'Asia/Ulaanbaatar',148,'+08:00','+08:00'),
(229,'Asia/Urumqi',48,'+06:00','+06:00'),
(230,'Asia/Ust-Nera',192,'+10:00','+10:00'),
(231,'Asia/Vladivostok',192,'+10:00','+10:00'),
(232,'Asia/Yakutsk',192,'+09:00','+09:00'),
(233,'Asia/Yangon',147,'+06:30','+06:30'),
(234,'Asia/Yekaterinburg',192,'+05:00','+05:00'),
(235,'Asia/Yerevan',7,'+04:00','+04:00'),
(236,'Atlantic/Azores',185,'-01:00','+00:00'),
(237,'Atlantic/Bermuda',27,'-04:00','-03:00'),
(238,'Atlantic/Canary',68,'+00:00','+01:00'),
(239,'Atlantic/Cape_Verde',52,'-01:00','-01:00'),
(240,'Atlantic/Faroe',74,'+00:00','+01:00'),
(241,'Atlantic/Madeira',185,'+00:00','+01:00'),
(242,'Atlantic/Reykjavik',109,'+00:00','+00:00'),
(243,'Atlantic/South_Georgia',90,'-02:00','-02:00'),
(244,'Atlantic/Stanley',72,'-03:00','-03:00'),
(245,'Australia/Adelaide',13,'+09:30','+10:30'),
(246,'Australia/Brisbane',13,'+10:00','+10:00'),
(247,'Australia/Broken_Hill',13,'+09:30','+10:30'),
(248,'Australia/Currie',13,'+10:00','+11:00'),
(249,'Australia/Darwin',13,'+09:30','+09:30'),
(250,'Australia/Eucla',13,'+08:45','+08:45'),
(251,'Australia/Hobart',13,'+10:00','+11:00'),
(252,'Australia/Lindeman',13,'+10:00','+10:00'),
(253,'Australia/Lord_Howe',13,'+10:30','+11:00'),
(254,'Australia/Melbourne',13,'+10:00','+11:00'),
(255,'Australia/Perth',13,'+08:00','+08:00'),
(256,'Australia/Sydney',13,'+10:00','+11:00'),
(257,'Europe/Amsterdam',167,'+01:00','+02:00'),
(258,'Europe/Andorra',1,'+01:00','+02:00'),
(259,'Europe/Astrakhan',192,'+04:00','+04:00'),
(260,'Europe/Athens',89,'+02:00','+03:00'),
(261,'Europe/Belgrade',191,'+01:00','+02:00'),
(262,'Europe/Berlin',57,'+01:00','+02:00'),
(263,'Europe/Brussels',20,'+01:00','+02:00'),
(264,'Europe/Bucharest',190,'+02:00','+03:00'),
(265,'Europe/Budapest',100,'+01:00','+02:00'),
(266,'Europe/Chisinau',140,'+02:00','+03:00'),
(267,'Europe/Copenhagen',59,'+01:00','+02:00'),
(268,'Europe/Dublin',102,'+00:00','+01:00'),
(269,'Europe/Gibraltar',83,'+01:00','+02:00'),
(270,'Europe/Helsinki',70,'+02:00','+03:00'),
(271,'Europe/Istanbul',226,'+03:00','+03:00'),
(272,'Europe/Kaliningrad',192,'+02:00','+02:00'),
(273,'Europe/Kiev',231,'+02:00','+03:00'),
(274,'Europe/Kirov',192,'+03:00','+03:00'),
(275,'Europe/Lisbon',185,'+00:00','+01:00'),
(276,'Europe/London',77,'+00:00','+01:00'),
(277,'Europe/Luxembourg',135,'+01:00','+02:00'),
(278,'Europe/Madrid',68,'+01:00','+02:00'),
(279,'Europe/Malta',154,'+01:00','+02:00'),
(280,'Europe/Minsk',36,'+03:00','+03:00'),
(281,'Europe/Monaco',139,'+01:00','+02:00'),
(282,'Europe/Moscow',192,'+03:00','+03:00'),
(283,'Europe/Oslo',168,'+01:00','+02:00'),
(284,'Europe/Paris',75,'+01:00','+02:00'),
(285,'Europe/Prague',56,'+01:00','+02:00'),
(286,'Europe/Riga',136,'+02:00','+03:00'),
(287,'Europe/Rome',110,'+01:00','+02:00'),
(288,'Europe/Samara',192,'+04:00','+04:00'),
(289,'Europe/Sarajevo',191,'+01:00','+02:00'),
(290,'Europe/Saratov',192,'+04:00','+04:00'),
(291,'Europe/Simferopol',231,'+03:00','+03:00'),
(292,'Europe/Sofia',22,'+02:00','+03:00'),
(293,'Europe/Stockholm',199,'+01:00','+02:00'),
(294,'Europe/Tallinn',64,'+02:00','+03:00'),
(295,'Europe/Tirane',6,'+01:00','+02:00'),
(296,'Europe/Ulyanovsk',192,'+04:00','+04:00'),
(297,'Europe/Uzhgorod',231,'+02:00','+03:00'),
(298,'Europe/Vienna',12,'+01:00','+02:00'),
(299,'Europe/Vilnius',134,'+02:00','+03:00'),
(300,'Europe/Volgograd',192,'+04:00','+04:00'),
(301,'Europe/Warsaw',180,'+01:00','+02:00'),
(302,'Europe/Zaporozhye',231,'+02:00','+03:00'),
(303,'Europe/Zurich',43,'+01:00','+02:00'),
(304,'Indian/Chagos',106,'+06:00','+06:00'),
(305,'Indian/Christmas',54,'+07:00','+07:00'),
(306,'Indian/Cocos',39,'+06:30','+06:30'),
(307,'Indian/Kerguelen',217,'+05:00','+05:00'),
(308,'Indian/Mahe',196,'+04:00','+04:00'),
(309,'Indian/Maldives',156,'+05:00','+05:00'),
(310,'Indian/Mauritius',155,'+04:00','+04:00'),
(311,'Indian/Reunion',189,'+04:00','+04:00'),
(312,'Pacific/Apia',245,'+13:00','+14:00'),
(313,'Pacific/Auckland',172,'+12:00','+13:00'),
(314,'Pacific/Bougainville',177,'+11:00','+11:00'),
(315,'Pacific/Chatham',172,'+12:45','+13:45'),
(316,'Pacific/Chuuk',73,'+10:00','+10:00'),
(317,'Pacific/Easter',46,'-06:00','-05:00'),
(318,'Pacific/Efate',243,'+11:00','+11:00'),
(319,'Pacific/Enderbury',118,'+13:00','+13:00'),
(320,'Pacific/Fakaofo',221,'+13:00','+13:00'),
(321,'Pacific/Fiji',71,'+12:00','+13:00'),
(322,'Pacific/Funafuti',228,'+12:00','+12:00'),
(323,'Pacific/Galapagos',63,'-06:00','-06:00'),
(324,'Pacific/Gambier',176,'-09:00','-09:00'),
(325,'Pacific/Guadalcanal',195,'+11:00','+11:00'),
(326,'Pacific/Guam',92,'+10:00','+10:00'),
(327,'Pacific/Honolulu',234,'-10:00','-10:00'),
(328,'Pacific/Kiritimati',118,'+14:00','+14:00'),
(329,'Pacific/Kosrae',73,'+11:00','+11:00'),
(330,'Pacific/Kwajalein',144,'+12:00','+12:00'),
(331,'Pacific/Majuro',144,'+12:00','+12:00'),
(332,'Pacific/Marquesas',176,'-09:30','-09:30'),
(333,'Pacific/Nauru',170,'+12:00','+12:00'),
(334,'Pacific/Niue',171,'-11:00','-11:00'),
(335,'Pacific/Norfolk',164,'+11:00','+11:00'),
(336,'Pacific/Noumea',162,'+11:00','+11:00'),
(337,'Pacific/Pago_Pago',11,'-11:00','-11:00'),
(338,'Pacific/Palau',186,'+09:00','+09:00'),
(339,'Pacific/Pitcairn',182,'-08:00','-08:00'),
(340,'Pacific/Pohnpei',73,'+11:00','+11:00'),
(341,'Pacific/Port_Moresby',177,'+10:00','+10:00'),
(342,'Pacific/Rarotonga',45,'-10:00','-10:00'),
(343,'Pacific/Tahiti',176,'-10:00','-10:00'),
(344,'Pacific/Tarawa',118,'+12:00','+12:00'),
(345,'Pacific/Tongatapu',225,'+13:00','+14:00'),
(346,'Pacific/Wake',233,'+12:00','+12:00'),
(347,'Pacific/Wallis',244,'+12:00','+12:00'),
(348,'America/Anguilla',5,'-04:00','+00:00'),
(349,'Africa/Ouagadougou',21,'+00:00','+00:00'),
(350,'Africa/Luanda',8,'+01:00','+00:00'),
(351,'Africa/Mogadishu',208,'+03:00','+00:00'),
(352,'Africa/Mbabane',214,'+02:00','+00:00'),
(353,'Africa/Dar_es_Salaam',230,'+03:00','+00:00'),
(354,'Africa/Kampala',232,'+03:00','+00:00'),
(355,'America/St_Vincent',238,'-04:00','+00:00'),
(356,'Atlantic/St_Helena',201,'+00:00','+00:00'),
(357,'Africa/Freetown',205,'+00:00','+00:00'),
(358,'Africa/Lome',218,'+00:00','+00:00'),
(359,'America/Tortola',240,'-04:00','+00:00'),
(360,'America/St_Thomas',241,'-04:00','+00:00'),
(361,'Asia/Saigon',242,'+07:00','+00:00'),
(362,'Asia/Aden',246,'+03:00','+00:00'),
(363,'Indian/Mayotte',247,'+03:00','+00:00'),
(364,'Africa/Lusaka',249,'+02:00','+00:00'),
(365,'Africa/Harare',250,'+02:00','+00:00'),
(366,'Africa/Bamako',146,'+00:00','+00:00'),
(367,'Africa/Nouakchott',152,'+00:00','+00:00'),
(368,'Africa/Conakry',86,'+00:00','+00:00'),
(369,'Africa/Dakar',207,'+00:00','+00:00'),
(370,'Africa/Sao_Tome',210,'+00:00','+00:00'),
(371,'Africa/Banjul',85,'+00:00','+00:00'),
(372,'Europe/Zagreb',98,'+01:00','+01:00'),
(373,'Europe/Isle_of_Man',104,'+00:00','+01:00'),
(374,'Asia/Calcutta',105,'+05:30','+00:00'),
(375,'Europe/Jersey',111,'+00:00','+01:00'),
(376,'Antarctica/South_Pole',9,'+12:00','+01:00'),
(377,'America/Aruba',14,'-04:00','+00:00'),
(378,'Europe/Mariehamn',15,'+02:00','+01:00'),
(379,'Asia/Bahrain',23,'+03:00','+00:00'),
(380,'Africa/Bujumbura',24,'+02:00','+00:00'),
(381,'Africa/Porto-Novo',25,'+01:00','+00:00'),
(382,'Africa/Gaborone',35,'+02:00','+00:00'),
(383,'Africa/Lubumbashi',40,'+02:00','+00:00'),
(384,'Africa/Bangui',41,'+01:00','+00:00'),
(385,'Africa/Brazzaville',42,'+01:00','+00:00'),
(386,'Africa/Douala',47,'+01:00','+00:00'),
(387,'Africa/Djibouti',58,'+03:00','+00:00'),
(388,'America/Dominica',60,'-04:00','+00:00'),
(389,'Africa/Asmera',67,'+03:00','+00:00'),
(390,'Africa/Addis_Ababa',69,'+03:00','+00:00'),
(391,'Atlantic/Faeroe',74,'+00:00','+01:00'),
(392,'Africa/Libreville',76,'+01:00','+00:00'),
(393,'America/Grenada',78,'-04:00','+00:00'),
(394,'Europe/Guernsey',81,'+00:00','+01:00'),
(395,'America/Guadeloupe',87,'-04:00','+00:00'),
(396,'Africa/Malabo',88,'+01:00','+00:00'),
(397,'America/Antigua',4,'-04:00','+00:00'),
(398,'Asia/Phnom_Penh',117,'+07:00','+00:00'),
(399,'Indian/Comoro',119,'+03:00','+00:00'),
(400,'America/St_Kitts',120,'-04:00','+00:00'),
(401,'Asia/Kuwait',124,'+03:00','+00:00'),
(402,'America/Cayman',125,'-05:00','+00:00'),
(403,'Asia/Vientiane',127,'+07:00','+00:00'),
(404,'America/St_Lucia',129,'-04:00','+00:00'),
(405,'Europe/Vaduz',130,'+01:00','+01:00'),
(406,'Africa/Maseru',133,'+02:00','+00:00'),
(407,'Europe/Podgorica',141,'+01:00','+01:00'),
(408,'Indian/Antananarivo',143,'+03:00','+00:00'),
(409,'Europe/Skopje',145,'+01:00','+01:00'),
(410,'Asia/Rangoon',147,'+06:30','+00:00'),
(411,'Pacific/Saipan',150,'+10:00','+00:00'),
(412,'America/Montserrat',153,'-04:00','+00:00'),
(413,'Africa/Blantyre',157,'+02:00','+00:00'),
(414,'Africa/Niamey',163,'+01:00','+00:00'),
(415,'Asia/Katmandu',169,'+05:45','+00:00'),
(416,'Asia/Muscat',173,'+04:00','+00:00'),
(417,'Africa/Kigali',193,'+02:00','+00:00'),
(418,'Europe/Ljubljana',202,'+01:00','+01:00'),
(419,'Arctic/Longyearbyen',203,'+01:00','+01:00'),
(420,'Europe/Bratislava',204,'+01:00','+01:00'),
(421,'Europe/San_Marino',206,'+01:00','+01:00');



-- migrate down

-- timezone
DROP TABLE scheduler.timezone;

-- country
DROP TABLE scheduler.country;

-- region
DROP TABLE scheduler.region;

-- continent
DROP TABLE scheduler.continent;