-- migrate up

-- continent
INSERT INTO scheduler.continent (id_continent, "name", code, active) VALUES
(1, 'Europe', 'EU', true),
(2, 'Asia', 'AS', true),
(3, 'North America', 'NA', true),
(4, 'Africa', 'AF', true),
(5, 'Antarctica', 'AN', true),
(6, 'South America', 'SA', true),
(7, 'Australia', 'OC', true);

-- region
INSERT INTO scheduler.region (id_region, "name", active) VALUES
(1, 'Western Europe', true),
(2, 'Western Asia', true),
(3, 'Central Asia', true),
(4, 'Caribbean', true),
(5, 'Eastern Europe', true),
(6, 'Central Africa', true),
(7, 'Antarctica', true),
(8, 'South America', true),
(9, 'Oceania', true),
(10, 'Southern Asia', true),
(11, 'Western Africa', true),
(12, 'Eastern Africa', true),
(13, 'South-Eastern Asia', true),
(14, 'Southern Africa', true),
(15, 'Central America', true),
(16, 'North America', true),
(17, 'Eastern Asia', true),
(18, 'Northern Africa', true);


-- country
INSERT INTO scheduler.country (id_country,"name",code,phone_prefix,fk_continent,fk_region,fk_timezone,is_european_union,lat,long,active) VALUES
(1,'Afghanistan','AF','93',2,3,192,false,33.93911000000,67.70995300000,true),
(2,'Aland Islands','AX','+358-18',1,1,378,false,60.17852470000,19.91561050000,true),
(3,'Albania','AL','355',1,5,295,false,41.15333200000,20.16833100000,true),
(4,'Algeria','DZ','213',4,18,3,false,28.03388600000,1.65962600000,true),
(5,'American Samoa','AS','+1-684',7,9,337,false,-14.27097200000,-170.13221700000,true),
(6,'Andorra','AD','376',1,1,258,false,42.50628500000,1.52180100000,true),
(7,'Angola','AO','244',4,6,350,false,-11.20269200000,17.87388700000,true),
(8,'Anguilla','AI','+1-264',3,4,348,false,18.22055400000,-63.06861500000,true),
(9,'Antarctica','AQ','',5,7,376,false,-82.86275200000,135.00000000000,true),
(10,'Antigua and Barbuda','AG','+1-268',3,4,397,false,17.06081600000,-61.79642800000,true),
(11,'Argentina','AR','54',6,8,30,false,-38.41609700000,-63.61667200000,true),
(12,'Armenia','AM','374',2,2,235,false,40.06909900000,45.03818900000,true),
(13,'Aruba','AW','297',3,4,377,false,12.52111000000,-69.96833800000,true),
(14,'Australia','AU','61',7,9,249,false,-25.27439800000,133.77513600000,true),
(15,'Austria','AT','43',1,1,298,true,47.51623100000,14.55007200000,true),
(16,'Azerbaijan','AZ','994',2,2,168,false,40.14310500000,47.57692700000,true),
(17,'Bahamas','BS','+1-242',3,4,108,false,25.03428000000,-77.39628000000,true),
(18,'Bahrain','BH','973',2,2,379,false,26.06670000000,50.55770000000,true),
(19,'Bangladesh','BD','880',2,10,178,false,23.68499400000,90.35633100000,true),
(20,'Barbados','BB','+1-246',3,4,39,false,13.19388700000,-59.54319800000,true),
(21,'Belarus','BY','375',1,5,280,false,53.70980700000,27.95338900000,true),
(22,'Belgium','BE','32',1,1,263,true,50.50388700000,4.46993600000,true),
(23,'Belize','BZ','501',3,15,41,false,17.18987700000,-88.49765000000,true),
(24,'Benin','BJ','229',4,11,381,false,9.30769000000,2.31583400000,true),
(25,'Bermuda','BM','+1-441',3,4,237,false,32.30780000000,-64.75050000000,true),
(26,'Bhutan','BT','975',2,10,225,false,27.51416200000,90.43360100000,true),
(27,'Bolivia','BO','591',6,8,91,false,-16.29015400000,-63.58865300000,true),
(28,'Bonaire, Saint Eustatius and Saba ','BQ','599',3,4,56,false,12.17836110000,-68.23853390000,true),
(29,'Bosnia and Herzegovina','BA','387',1,5,289,false,43.91588600000,17.67907600000,true),
(30,'Botswana','BW','267',4,14,382,false,-22.32847400000,24.68486600000,true),
(31,'Bouvet Island','BV','',5,7,283,false,-54.42079150000,3.34644970000,true),
(32,'Brazil','BR','55',6,8,47,false,-14.23500400000,-51.92528000000,true),
(33,'British Indian Ocean Territory','IO','246',2,13,304,false,-6.34319400000,71.87651900000,true),
(34,'British Virgin Islands','VG','+1-284',3,4,359,false,18.42069500000,-64.63996800000,true),
(35,'Brunei','BN','673',2,13,173,false,4.53527700000,114.72766900000,true),
(36,'Bulgaria','BG','359',1,5,292,true,42.73388300000,25.48583000000,true),
(37,'Burkina Faso','BF','226',4,11,349,false,12.23833300000,-1.56159300000,true),
(38,'Burundi','BI','257',4,12,380,false,-3.37305600000,29.91888600000,true),
(39,'Cambodia','KH','855',2,13,398,false,12.56567900000,104.99096300000,true),
(40,'Cameroon','CM','237',4,6,386,false,7.36972200000,12.35472200000,true),
(41,'Canada','CA','1',3,16,129,false,56.13036600000,-106.34677100000,true),
(42,'Cape Verde','CV','238',4,11,239,false,16.53880000000,-23.04180000000,true),
(43,'Cayman Islands','KY','+1-345',3,4,402,false,19.31330000000,-81.25460000000,true),
(44,'Central African Republic','CF','236',4,6,384,false,6.61111100000,20.93944400000,true),
(45,'Chad','TD','235',4,6,16,false,15.45416600000,18.73220700000,true),
(46,'Chile','CL','56',6,8,133,false,-35.67514700000,-71.54296900000,true),
(47,'China','CN','86',2,17,218,false,35.86166000000,104.19539700000,true),
(48,'Christmas Island','CX','61',2,13,305,false,-10.44752500000,105.69044900000,true),
(49,'Cocos Islands','CC','61',2,13,306,false,-12.16416500000,96.87095600000,true),
(50,'Colombia','CO','57',6,8,44,false,4.57086800000,-74.29733300000,true),
(51,'Comoros','KM','269',4,12,399,false,-11.64550000000,43.33330000000,true),
(52,'Cook Islands','CK','682',7,9,342,false,-21.23673600000,-159.77767100000,true),
(53,'Costa Rica','CR','506',3,15,53,false,9.74891700000,-83.75342800000,true),
(54,'Croatia','HR','385',1,5,372,true,45.10000000000,15.20000010000,true),
(55,'Cuba','CU','53',3,4,75,false,21.52175700000,-77.78116700000,true),
(56,'Curacao','CW','599',3,4,56,false,12.16957000000,-68.99002000000,true),
(57,'Cyprus','CY','357',1,2,205,true,35.12641300000,33.42985900000,true),
(58,'Czechia','CZ','420',1,5,285,true,49.81749200000,15.47296200000,true),
(59,'Democratic Republic of the Congo','CD','243',4,6,383,false,-4.03833300000,21.75866400000,true),
(60,'Denmark','DK','45',1,1,267,true,56.26392000000,9.50178500000,true),
(61,'Djibouti','DJ','253',4,12,387,false,11.82513800000,42.59027500000,true),
(62,'Dominica','DM','+1-767',3,4,388,false,15.41499900000,-61.37097600000,true),
(63,'Dominican Republic','DO','+1-809 and 1-829',3,4,134,false,18.73569300000,-70.16265100000,true),
(64,'East Timor','TL','670',7,9,179,false,-8.87421700000,125.72753900000,true),
(65,'Ecuador','EC','593',6,8,72,false,-1.83123900000,-78.18340600000,true),
(66,'Egypt','EG','20',4,18,5,false,26.82055300000,30.80249800000,true),
(67,'El Salvador','SV','503',3,15,64,false,13.79418500000,-88.89653000000,true),
(68,'Equatorial Guinea','GQ','240',4,6,396,false,1.65080100000,10.26789500000,true),
(69,'Eritrea','ER','291',4,12,389,false,15.17938400000,39.78233400000,true),
(70,'Estonia','EE','372',1,5,294,true,58.59527200000,25.01360710000,true),
(71,'Ethiopia','ET','251',4,12,390,false,9.14500000000,40.48967300000,true),
(72,'Falkland Islands','FK','500',6,8,244,false,-51.79625300000,-59.52361300000,true),
(73,'Faroe Islands','FO','298',1,1,391,false,61.89263500000,-6.91180610000,true),
(74,'Fiji','FJ','679',7,9,321,false,-17.71337100000,178.06503200000,true),
(75,'Finland','FI','358',1,1,270,true,61.92411000000,25.74815110000,true),
(76,'France','FR','33',1,1,284,true,46.22763800000,2.21374900000,true),
(77,'French Guiana','GF','594',6,8,50,false,3.93388900000,-53.12578200000,true),
(78,'French Polynesia','PF','689',7,9,343,false,-17.67974200000,-149.40684300000,true),
(79,'French Southern Territories','TF','',5,7,307,false,-49.28036600000,69.34855710000,true),
(80,'Gabon','GA','241',4,6,392,false,-0.80368900000,11.60944400000,true),
(81,'Gambia','GM','220',4,11,371,false,13.44318200000,-15.31013900000,true),
(82,'Georgia','GE','995',2,2,223,false,42.31540700000,43.35689200000,true),
(83,'Germany','DE','49',1,1,262,true,51.16569100000,10.45152600000,true),
(84,'Ghana','GH','233',4,11,2,false,7.94652700000,-1.02319400000,true),
(85,'Gibraltar','GI','350',1,1,269,false,36.14075100000,-5.35358500000,true),
(86,'Greece','GR','30',1,5,260,true,39.07420800000,21.82431200000,true),
(87,'Greenland','GL','299',3,16,68,false,71.70693600000,-42.60430300000,true),
(88,'Grenada','GD','+1-473',3,4,393,false,12.11650000000,-61.67900000000,true),
(89,'Guadeloupe','GP','590',3,4,395,false,16.26500000000,-61.55100000000,true),
(90,'Guam','GU','+1-671',7,9,326,false,13.44430400000,144.79373100000,true),
(91,'Guatemala','GT','502',3,15,71,false,15.78347100000,-90.23075900000,true),
(92,'Guernsey','GG','+44-1481',1,1,394,false,49.46569100000,-2.58527800000,true),
(93,'Guinea','GN','224',4,11,369,false,9.94558700000,-9.69664500000,true),
(94,'Guinea-Bissau','GW','245',4,11,4,false,11.80374900000,-15.18041300000,true),
(95,'Guyana','GY','592',6,8,73,false,4.86041600000,-58.93018000000,true),
(96,'Haiti','HT','509',3,4,121,false,18.97118700000,-72.28521500000,true),
(97,'Heard Island and McDonald Islands','HM',' ',5,7,154,false,-53.08181000000,73.50415800000,true),
(98,'Honduras','HN','504',3,15,140,false,15.19999900000,-86.24190500000,true),
(99,'Hong Kong','HK','852',2,17,186,false,22.31930390000,114.16936110000,true),
(100,'Hungary','HU','36',1,5,265,true,47.16249400000,19.50330410000,true),
(101,'Iceland','IS','354',1,1,242,false,64.96305100000,-19.02083500000,true),
(102,'India','IN','91',2,10,374,false,20.59368400000,78.96288000000,true),
(103,'Indonesia','ID','62',2,13,210,false,-0.78927500000,113.92132700000,true),
(104,'Iran','IR','98',2,10,224,false,32.42790800000,53.68804600000,true),
(105,'Iraq','IQ','964',2,2,167,false,33.22319100000,43.67929100000,true),
(106,'Ireland','IE','353',1,1,268,true,53.41291000000,-8.24389000000,true),
(107,'Isle of Man','IM','+44-1624',1,1,373,false,54.23610700000,-4.54805600000,true),
(108,'Israel','IL','972',2,2,191,false,31.04605100000,34.85161200000,true),
(109,'Italy','IT','39',1,1,287,true,41.87194000000,12.56738000000,true),
(110,'Ivory Coast','CI','225',4,11,1,false,7.53998900000,-5.54708000000,true),
(111,'Jamaica','JM','+1-876',3,4,87,false,18.10958100000,-77.29750800000,true),
(112,'Japan','JP','81',2,17,226,false,36.20482400000,138.25292400000,true),
(113,'Jersey','JE','+44-1534',1,1,375,false,49.21443900000,-2.13125000000,true),
(114,'Jordan','JO','962',2,2,161,false,30.58516400000,36.23841400000,true),
(115,'Kazakhstan','KZ','7',2,3,160,false,48.01957300000,66.92368400000,true),
(116,'Kenya','KE','254',4,12,15,false,-0.02355900000,37.90619300000,true),
(117,'Kiribati','KI','686',7,9,344,false,-3.37041700000,-168.73403900000,true),
(118,'Kuwait','KW','965',2,2,401,false,29.31166000000,47.48176600000,true),
(119,'Kyrgyzstan','KG','996',2,3,172,false,41.20438000000,74.76609800000,true),
(120,'Laos','LA','856',2,13,403,false,19.85627000000,102.49549600000,true),
(121,'Latvia','LV','371',1,5,286,true,56.87963500000,24.60318900000,true),
(122,'Lebanon','LB','961',2,2,171,false,33.85472100000,35.86228500000,true),
(123,'Lesotho','LS','266',4,14,406,false,-29.60998800000,28.23360800000,true),
(124,'Liberia','LR','231',4,11,14,false,6.42805500000,-9.42949900000,true),
(125,'Libya','LY','218',4,18,17,false,26.33510000000,17.22833100000,true),
(126,'Liechtenstein','LI','423',1,1,405,false,47.16600000000,9.55537300000,true),
(127,'Lithuania','LT','370',1,5,299,true,55.16943800000,23.88127500000,true),
(128,'Luxembourg','LU','352',1,1,277,true,49.81527300000,6.12958300000,true),
(129,'Macao','MO','853',2,17,201,false,22.19874500000,113.54387300000,true),
(130,'Madagascar','MG','261',4,12,408,false,-18.76694700000,46.86910700000,true),
(131,'Malawi','MW','265',4,12,413,false,-13.25430800000,34.30152500000,true),
(132,'Malaysia','MY','60',2,13,199,false,4.21048400000,101.97576600000,true),
(133,'Maldives','MV','960',2,10,309,false,3.20277800000,73.22068000000,true),
(134,'Mali','ML','223',4,11,366,false,17.57069200000,-3.99616600000,true),
(135,'Malta','MT','356',1,1,279,true,35.93749600000,14.37541600000,true),
(136,'Marshall Islands','MH','692',7,9,331,false,7.13147400000,171.18447800000,true),
(137,'Martinique','MQ','596',3,4,97,false,14.64152800000,-61.02417400000,true),
(138,'Mauritania','MR','222',4,11,367,false,21.00789000000,-10.94083500000,true),
(139,'Mauritius','MU','230',4,12,310,false,-20.34840400000,57.55215200000,true),
(140,'Mayotte','YT','262',4,12,363,false,-12.82750000000,45.16624400000,true),
(141,'Mexico','MX','52',3,15,103,false,23.63450100000,-102.55278400000,true),
(142,'Micronesia','FM','691',7,9,340,false,7.42555400000,150.55081200000,true),
(143,'Moldova','MD','373',1,5,266,false,47.41163100000,28.36988500000,true),
(144,'Monaco','MC','377',1,1,281,false,43.73841760000,7.42461580000,true),
(145,'Mongolia','MN','976',2,17,228,false,46.86249600000,103.84665600000,true),
(146,'Montenegro','ME','382',1,5,407,false,42.70867800000,19.37439000000,true),
(147,'Montserrat','MS','+1-664',3,4,412,false,16.74249800000,-62.18736600000,true),
(148,'Morocco','MA','212',4,18,6,false,31.79170200000,-7.09262000000,true),
(149,'Mozambique','MZ','258',4,12,13,false,-18.66569500000,35.52956200000,true),
(150,'Myanmar','MM','95',2,13,410,false,21.91622100000,95.95597400000,true),
(151,'Namibia','NA','264',4,14,19,false,-22.95764000000,18.49041000000,true),
(152,'Nauru','NR','674',7,9,333,false,-0.52277800000,166.93150300000,true),
(153,'Nepal','NP','977',2,10,415,false,28.39485700000,84.12400800000,true),
(154,'Netherlands','NL','31',1,1,257,true,52.13263300000,5.29126600000,true),
(155,'New Caledonia','NC','687',7,9,336,false,-20.90430500000,165.61804200000,true),
(156,'New Zealand','NZ','64',7,9,313,false,-40.90055700000,174.88597100000,true),
(157,'Nicaragua','NI','505',3,15,95,false,12.86541600000,-85.20722900000,true),
(158,'Niger','NE','227',4,11,414,false,17.60778900000,8.08166600000,true),
(159,'Nigeria','NG','234',4,11,12,false,9.08199900000,8.67527700000,true),
(160,'Niue','NU','683',7,9,334,false,-19.05444500000,-169.86723300000,true),
(161,'Norfolk Island','NF','672',7,9,335,false,-29.04083500000,167.95471200000,true),
(162,'Northern Mariana Islands','MP','+1-670',7,9,411,false,15.09790000000,145.67390000000,true),
(163,'North Korea','KP','850',2,17,211,false,40.33985200000,127.51009300000,true),
(164,'North Macedonia','MK','389',1,5,409,false,41.60863500000,21.74527500000,true),
(165,'Norway','NO','47',1,1,283,false,60.47202400000,8.46894600000,true),
(166,'Oman','OM','968',2,2,416,false,21.47353290000,55.97541300000,true),
(167,'Pakistan','PK','92',2,10,194,false,30.37532100000,69.34511600000,true),
(168,'Palau','PW','680',7,9,338,false,7.51498000000,134.58252000000,true),
(169,'Palestinian Territory','PS','970',2,2,184,false,31.95216200000,35.23315400000,true),
(170,'Panama','PA','507',3,15,117,false,8.53798100000,-80.78212700000,true),
(171,'Papua New Guinea','PG','675',7,9,341,false,-6.31499300000,143.95555000000,true),
(172,'Paraguay','PY','595',6,8,35,false,-23.44250300000,-58.44383200000,true),
(173,'Peru','PE','51',6,8,92,false,-9.18996700000,-75.01515200000,true),
(174,'Philippines','PH','63',2,13,204,false,12.87972100000,121.77401700000,true),
(175,'Pitcairn','PN','870',7,9,339,false,-24.37675370000,-128.32423760000,true),
(176,'Poland','PL','48',1,5,301,true,51.91943800000,19.14513600000,true),
(177,'Portugal','PT','351',1,1,275,true,39.39987200000,-8.22445400000,true),
(178,'Puerto Rico','PR','+1-787 and 1-939',3,4,124,false,18.22083300000,-66.59014900000,true),
(179,'Qatar','QA','974',2,2,212,false,25.35482600000,51.18388400000,true),
(180,'Republic of the Congo','CG','242',4,6,385,false,-0.22802100000,15.82765900000,true),
(181,'Reunion','RE','262',4,12,311,false,-21.11514100000,55.53638400000,true),
(182,'Romania','RO','40',1,5,264,true,45.94316100000,24.96676000000,true),
(183,'Russia','RU','7',1,5,198,false,61.52401000000,105.31875600000,true),
(184,'Rwanda','RW','250',4,12,417,false,-1.94027800000,29.87388800000,true),
(185,'Saint Barthelemy','BL','590',3,4,122,false,17.90000000000,-62.83333300000,true),
(186,'Saint Helena','SH','290',4,11,356,false,-15.96501040000,-5.70892410000,true),
(187,'Saint Kitts and Nevis','KN','+1-869',3,4,400,false,17.35782200000,-62.78299800000,true),
(188,'Saint Lucia','LC','+1-758',3,4,404,false,13.90944400000,-60.97889300000,true),
(189,'Saint Martin','MF','590',3,4,122,false,18.07082980000,-63.05008090000,true),
(190,'Saint Pierre and Miquelon','PM','508',3,16,104,false,46.88520000000,-56.31590000000,true),
(191,'Saint Vincent and the Grenadines','VC','+1-784',3,4,355,false,12.98430500000,-61.28722800000,true),
(192,'Samoa','WS','685',7,9,312,false,-13.75902900000,-172.10462900000,true),
(193,'San Marino','SM','378',1,1,421,false,43.94236000000,12.45777700000,true),
(194,'Sao Tome and Principe','ST','239',4,6,370,false,0.18636000000,6.61308100000,true),
(195,'Saudi Arabia','SA','966',2,2,214,false,23.88594200000,45.07916200000,true),
(196,'Senegal','SN','221',4,11,369,false,14.49740100000,-14.45236200000,true),
(197,'Serbia','RS','381',1,5,261,false,44.01652100000,21.00585900000,true),
(198,'Seychelles','SC','248',4,12,308,false,-4.67957400000,55.49197700000,true),
(199,'Sierra Leone','SL','232',4,11,357,false,8.46055500000,-11.77988900000,true),
(200,'Singapore','SG','65',2,13,219,false,1.35208300000,103.81983600000,true),
(201,'Sint Maarten','SX','599',3,4,56,false,18.04248000000,-63.05483000000,true),
(202,'Slovakia','SK','421',1,5,420,true,48.66902600000,19.69902400000,true),
(203,'Slovenia','SI','386',1,5,418,true,46.15124100000,14.99546300000,true),
(204,'Solomon Islands','SB','677',7,9,325,false,-9.64571000000,160.15619400000,true),
(205,'Somalia','SO','252',4,12,351,false,5.15214900000,46.19961600000,true),
(206,'South Africa','ZA','27',4,14,9,false,-30.55948200000,22.93750600000,true),
(207,'South Georgia and the South Sandwich Islands','GS','',5,7,243,false,-54.42957900000,-36.58790900000,true),
(208,'South Korea','KR','82',2,17,217,false,35.90775700000,127.76692200000,true),
(209,'South Sudan','SS','211',4,12,10,false,6.87699190000,31.30697880000,true),
(210,'Spain','ES','34',1,1,278,true,40.46366700000,-3.74922000000,true),
(211,'Sri Lanka','LK','94',2,10,176,false,7.87305400000,80.77179700000,true),
(212,'Sudan','SD','249',4,12,11,false,12.86280700000,30.21763600000,true),
(213,'Suriname','SR','597',6,8,119,false,3.91930500000,-56.02778300000,true),
(214,'Svalbard and Jan Mayen','SJ','47',1,1,419,false,77.55360400000,23.67027190000,true),
(215,'Swaziland','SZ','268',4,14,352,false,-26.52250300000,31.46586600000,true),
(216,'Sweden','SE','46',1,1,293,true,60.12816100000,18.64350100000,true),
(217,'Switzerland','CH','41',1,1,303,false,46.81818800000,8.22751200000,true),
(218,'Syria','SY','963',2,2,177,false,34.80207500000,38.99681500000,true),
(219,'Taiwan','TW','886',2,17,221,false,23.69781000000,120.96051500000,true),
(220,'Tajikistan','TJ','992',2,3,181,false,38.86103400000,71.27609300000,true),
(221,'Tanzania','TZ','255',4,12,353,false,-6.36902800000,34.88882200000,true),
(222,'Thailand','TH','66',2,13,169,false,15.87003200000,100.99254100000,true),
(223,'Togo','TG','228',4,11,358,false,8.61954300000,0.82478200000,true),
(224,'Tokelau','TK','690',7,9,320,false,-9.20020000000,-171.84840000000,true),
(225,'Tonga','TO','676',7,9,345,false,-21.17898600000,-175.19824200000,true),
(226,'Trinidad and Tobago','TT','+1-868',3,4,122,false,10.69180300000,-61.22250300000,true),
(227,'Tunisia','TN','216',4,18,18,false,33.88691700000,9.53749900000,true),
(228,'Turkey','TR','90',2,2,271,false,38.96374500000,35.24332200000,true),
(229,'Turkmenistan','TM','993',2,3,165,false,38.96971900000,59.55627800000,true),
(230,'Turks and Caicos Islands','TC','+1-649',3,4,70,false,21.69402500000,-71.79792800000,true),
(231,'Tuvalu','TV','688',7,9,322,false,-7.10953500000,177.64933000000,true),
(232,'Uganda','UG','256',4,12,354,false,1.37333300000,32.29027500000,true),
(233,'Ukraine','UA','380',1,5,273,false,48.37943300000,31.16557990000,true),
(234,'United Arab Emirates','AE','971',2,2,180,false,23.42407600000,53.84781800000,true),
(235,'United Kingdom','GB','44',1,1,276,true,55.37805100000,-3.43597300000,true),
(236,'United States','US','1',3,16,51,false,37.09024000000,-95.71289100000,true),
(237,'United States Minor Outlying Islands','UM','1',7,9,346,false,19.28231920000,166.64704700000,true),
(238,'Uruguay','UY','598',6,8,107,false,-32.52277900000,-55.76583500000,true),
(239,'U.S. Virgin Islands','VI','+1-340',3,4,360,false,18.33576500000,-64.89633500000,true),
(240,'Uzbekistan','UZ','998',2,3,216,false,41.37749100000,64.58526200000,true),
(241,'Vanuatu','VU','678',7,9,318,false,-15.37670600000,166.95915800000,true),
(242,'Vatican','VA','379',1,1,287,false,41.90291600000,12.45338900000,true),
(243,'Venezuela','VE','58',6,8,49,false,6.42375000000,-66.58973000000,true),
(244,'Vietnam','VN','84',2,13,361,false,14.05832400000,108.27719900000,true),
(245,'Wallis and Futuna','WF','681',7,9,347,false,-14.29380000000,-178.11650000000,true),
(246,'Western Sahara','EH','212',4,18,8,false,24.21552700000,-12.88583400000,true),
(247,'Yemen','YE','967',2,2,362,false,15.55272700000,48.51638800000,true),
(248,'Zambia','ZM','260',4,12,364,false,-13.13389700000,27.84933200000,true),
(249,'Zimbabwe','ZW','263',4,12,365,false,-19.01543800000,29.15485700000,true);

-- timezone
INSERT INTO scheduler.timezone (id_timezone,"name",fk_country,"offset",offset_dst,active) VALUES
(1,'Africa/Abidjan',110,'+00:00','+00:00',true),
(2,'Africa/Accra',84,'+00:00','+00:00',true),
(3,'Africa/Algiers',4,'+01:00','+01:00',true),
(4,'Africa/Bissau',94,'+00:00','+00:00',true),
(5,'Africa/Cairo',66,'+02:00','+02:00',true),
(6,'Africa/Casablanca',148,'+01:00','+01:00',true),
(7,'Africa/Ceuta',210,'+01:00','+01:00',true),
(8,'Africa/El_Aaiun',246,'+00:00','+01:00',true),
(9,'Africa/Johannesburg',206,'+02:00','+02:00',true),
(10,'Africa/Juba',209,'+03:00','+03:00',true),
(11,'Africa/Khartoum',212,'+02:00','+02:00',true),
(12,'Africa/Lagos',159,'+01:00','+01:00',true),
(13,'Africa/Maputo',149,'+02:00','+02:00',true),
(14,'Africa/Monrovia',124,'+00:00','+00:00',true),
(15,'Africa/Nairobi',116,'+03:00','+03:00',true),
(16,'Africa/Ndjamena',45,'+01:00','+01:00',true),
(17,'Africa/Tripoli',125,'+02:00','+02:00',true),
(18,'Africa/Tunis',227,'+01:00','+01:00',true),
(19,'Africa/Windhoek',151,'+02:00','+02:00',true),
(20,'America/Adak',236,'-10:00','-09:00',true),
(21,'America/Anchorage',236,'-09:00','-08:00',true),
(22,'America/Araguaina',32,'-03:00','-03:00',true),
(23,'America/Argentina/Buenos_Aires',11,'-03:00','-03:00',true),
(24,'America/Argentina/Catamarca',11,'-03:00','-03:00',true),
(25,'America/Argentina/Cordoba',11,'-03:00','-03:00',true),
(26,'America/Argentina/Jujuy',11,'-03:00','-03:00',true),
(27,'America/Argentina/La_Rioja',11,'-03:00','-03:00',true),
(28,'America/Argentina/Mendoza',11,'-03:00','-03:00',true),
(29,'America/Argentina/Rio_Gallegos',11,'-03:00','-03:00',true),
(30,'America/Argentina/Salta',11,'-03:00','-03:00',true),
(31,'America/Argentina/San_Juan',11,'-03:00','-03:00',true),
(32,'America/Argentina/San_Luis',11,'-03:00','-03:00',true),
(33,'America/Argentina/Tucuman',11,'-03:00','-03:00',true),
(34,'America/Argentina/Ushuaia',11,'-03:00','-03:00',true),
(35,'America/Asuncion',172,'-04:00','-03:00',true),
(36,'America/Atikokan',41,'-05:00','-05:00',true),
(37,'America/Bahia',32,'-03:00','-03:00',true),
(38,'America/Bahia_Banderas',141,'-06:00','-05:00',true),
(39,'America/Barbados',20,'-04:00','-04:00',true),
(40,'America/Belem',32,'-03:00','-03:00',true),
(41,'America/Belize',23,'-06:00','-06:00',true),
(42,'America/Blanc-Sablon',41,'-04:00','-04:00',true),
(43,'America/Boa_Vista',32,'-04:00','-04:00',true),
(44,'America/Bogota',50,'-05:00','-05:00',true),
(45,'America/Boise',236,'-07:00','-06:00',true),
(46,'America/Cambridge_Bay',41,'-07:00','-06:00',true),
(47,'America/Campo_Grande',32,'-04:00','-03:00',true),
(48,'America/Cancun',141,'-05:00','-05:00',true),
(49,'America/Caracas',243,'-04:00','-04:00',true),
(50,'America/Cayenne',77,'-03:00','-03:00',true),
(51,'America/Chicago',236,'-06:00','-05:00',true),
(52,'America/Chihuahua',141,'-07:00','-06:00',true),
(53,'America/Costa_Rica',53,'-06:00','-06:00',true),
(54,'America/Creston',41,'-07:00','-07:00',true),
(55,'America/Cuiaba',32,'-04:00','-03:00',true),
(56,'America/Curacao',56,'-04:00','-04:00',true),
(57,'America/Danmarkshavn',87,'+00:00','+00:00',true),
(58,'America/Dawson',41,'-08:00','-07:00',true),
(59,'America/Dawson_Creek',41,'-07:00','-07:00',true),
(60,'America/Denver',236,'-07:00','-06:00',true),
(61,'America/Detroit',236,'-05:00','-04:00',true),
(62,'America/Edmonton',41,'-07:00','-06:00',true),
(63,'America/Eirunepe',32,'-05:00','-05:00',true),
(64,'America/El_Salvador',67,'-06:00','-06:00',true),
(65,'America/Fortaleza',32,'-03:00','-03:00',true),
(66,'America/Fort_Nelson',41,'-07:00','-07:00',true),
(67,'America/Glace_Bay',41,'-04:00','-03:00',true),
(68,'America/Godthab',87,'-03:00','-02:00',true),
(69,'America/Goose_Bay',41,'-04:00','-03:00',true),
(70,'America/Grand_Turk',230,'-05:00','-04:00',true),
(71,'America/Guatemala',91,'-06:00','-06:00',true),
(72,'America/Guayaquil',65,'-05:00','-05:00',true),
(73,'America/Guyana',95,'-04:00','-04:00',true),
(74,'America/Halifax',41,'-04:00','-03:00',true),
(75,'America/Havana',55,'-05:00','-04:00',true),
(76,'America/Hermosillo',141,'-07:00','-07:00',true),
(77,'America/Indiana/Indianapolis',236,'-05:00','-04:00',true),
(78,'America/Indiana/Knox',236,'-06:00','-05:00',true),
(79,'America/Indiana/Marengo',236,'-05:00','-04:00',true),
(80,'America/Indiana/Petersburg',236,'-05:00','-04:00',true),
(81,'America/Indiana/Tell_City',236,'-06:00','-05:00',true),
(82,'America/Indiana/Vevay',236,'-05:00','-04:00',true),
(83,'America/Indiana/Vincennes',236,'-05:00','-04:00',true),
(84,'America/Indiana/Winamac',236,'-05:00','-04:00',true),
(85,'America/Inuvik',41,'-07:00','-06:00',true),
(86,'America/Iqaluit',41,'-05:00','-04:00',true),
(87,'America/Jamaica',111,'-05:00','-05:00',true),
(88,'America/Juneau',236,'-09:00','-08:00',true),
(89,'America/Kentucky/Louisville',236,'-05:00','-04:00',true),
(90,'America/Kentucky/Monticello',236,'-05:00','-04:00',true),
(91,'America/La_Paz',27,'-04:00','-04:00',true),
(92,'America/Lima',173,'-05:00','-05:00',true),
(93,'America/Los_Angeles',236,'-08:00','-07:00',true),
(94,'America/Maceio',32,'-03:00','-03:00',true),
(95,'America/Managua',157,'-06:00','-06:00',true),
(96,'America/Manaus',32,'-04:00','-04:00',true),
(97,'America/Martinique',137,'-04:00','-04:00',true),
(98,'America/Matamoros',141,'-06:00','-05:00',true),
(99,'America/Mazatlan',141,'-07:00','-06:00',true),
(100,'America/Menominee',236,'-06:00','-05:00',true),
(101,'America/Merida',141,'-06:00','-05:00',true),
(102,'America/Metlakatla',236,'-09:00','-08:00',true),
(103,'America/Mexico_City',141,'-06:00','-05:00',true),
(104,'America/Miquelon',190,'-03:00','-02:00',true),
(105,'America/Moncton',41,'-04:00','-03:00',true),
(106,'America/Monterrey',141,'-06:00','-05:00',true),
(107,'America/Montevideo',238,'-03:00','-03:00',true),
(108,'America/Nassau',17,'-05:00','-04:00',true),
(109,'America/New_York',236,'-05:00','-04:00',true),
(110,'America/Nipigon',41,'-05:00','-04:00',true),
(111,'America/Nome',236,'-09:00','-08:00',true),
(112,'America/Noronha',32,'-02:00','-02:00',true),
(113,'America/North_Dakota/Beulah',236,'-06:00','-05:00',true),
(114,'America/North_Dakota/Center',236,'-06:00','-05:00',true),
(115,'America/North_Dakota/New_Salem',236,'-06:00','-05:00',true),
(116,'America/Ojinaga',141,'-07:00','-06:00',true),
(117,'America/Panama',170,'-05:00','-05:00',true),
(118,'America/Pangnirtung',41,'-05:00','-04:00',true),
(119,'America/Paramaribo',213,'-03:00','-03:00',true),
(120,'America/Phoenix',236,'-07:00','-07:00',true),
(121,'America/Port-au-Prince',96,'-05:00','-04:00',true),
(122,'America/Port_of_Spain',226,'-04:00','-04:00',true),
(123,'America/Porto_Velho',32,'-04:00','-04:00',true),
(124,'America/Puerto_Rico',178,'-04:00','-04:00',true),
(125,'America/Punta_Arenas',46,'-03:00','-03:00',true),
(126,'America/Rainy_River',41,'-06:00','-05:00',true),
(127,'America/Rankin_Inlet',41,'-06:00','-05:00',true),
(128,'America/Recife',32,'-03:00','-03:00',true),
(129,'America/Regina',41,'-06:00','-06:00',true),
(130,'America/Resolute',41,'-06:00','-05:00',true),
(131,'America/Rio_Branco',32,'-05:00','-05:00',true),
(132,'America/Santarem',32,'-03:00','-03:00',true),
(133,'America/Santiago',46,'-04:00','-03:00',true),
(134,'America/Santo_Domingo',63,'-04:00','-04:00',true),
(135,'America/Sao_Paulo',32,'-03:00','-03:00',true),
(136,'America/Scoresbysund',87,'-01:00','+00:00',true),
(137,'America/Sitka',236,'-09:00','-08:00',true),
(138,'America/St_Johns',41,'-03:30','-02:30',true),
(139,'America/Swift_Current',41,'-06:00','-06:00',true),
(140,'America/Tegucigalpa',98,'-06:00','-06:00',true),
(141,'America/Thule',87,'-04:00','-03:00',true),
(142,'America/Thunder_Bay',41,'-05:00','-04:00',true),
(143,'America/Tijuana',141,'-08:00','-07:00',true),
(144,'America/Toronto',41,'-05:00','-04:00',true),
(145,'America/Vancouver',41,'-08:00','-07:00',true),
(146,'America/Whitehorse',41,'-08:00','-07:00',true),
(147,'America/Winnipeg',41,'-06:00','-05:00',true),
(148,'America/Yakutat',236,'-09:00','-08:00',true),
(149,'America/Yellowknife',41,'-07:00','-06:00',true),
(150,'Antarctica/Casey',9,'+11:00','+11:00',true),
(151,'Antarctica/Davis',9,'+07:00','+07:00',true),
(152,'Antarctica/DumontDUrville',9,'+10:00','+10:00',true),
(153,'Antarctica/Macquarie',14,'+11:00','+11:00',true),
(154,'Antarctica/Mawson',9,'+05:00','+05:00',true),
(155,'Antarctica/Palmer',9,'-03:00','-03:00',true),
(156,'Antarctica/Rothera',9,'-03:00','-03:00',true),
(157,'Antarctica/Syowa',9,'+03:00','+03:00',true),
(158,'Antarctica/Troll',9,'+00:00','+02:00',true),
(159,'Antarctica/Vostok',9,'+06:00','+06:00',true),
(160,'Asia/Almaty',115,'+06:00','+06:00',true),
(161,'Asia/Amman',114,'+02:00','+03:00',true),
(162,'Asia/Anadyr',183,'+12:00','+12:00',true),
(163,'Asia/Aqtau',115,'+05:00','+05:00',true),
(164,'Asia/Aqtobe',115,'+05:00','+05:00',true),
(165,'Asia/Ashgabat',229,'+05:00','+05:00',true),
(166,'Asia/Atyrau',115,'+05:00','+05:00',true),
(167,'Asia/Baghdad',105,'+03:00','+03:00',true),
(168,'Asia/Baku',16,'+04:00','+04:00',true),
(169,'Asia/Bangkok',222,'+07:00','+07:00',true),
(170,'Asia/Barnaul',183,'+07:00','+07:00',true),
(171,'Asia/Beirut',122,'+02:00','+03:00',true),
(172,'Asia/Bishkek',119,'+06:00','+06:00',true),
(173,'Asia/Brunei',35,'+08:00','+08:00',true),
(174,'Asia/Chita',183,'+09:00','+09:00',true),
(175,'Asia/Choibalsan',145,'+08:00','+08:00',true),
(176,'Asia/Colombo',211,'+05:30','+05:30',true),
(177,'Asia/Damascus',218,'+02:00','+03:00',true),
(178,'Asia/Dhaka',19,'+06:00','+06:00',true),
(179,'Asia/Dili',64,'+09:00','+09:00',true),
(180,'Asia/Dubai',234,'+04:00','+04:00',true),
(181,'Asia/Dushanbe',220,'+05:00','+05:00',true),
(182,'Asia/Famagusta',57,'+02:00','+02:00',true),
(183,'Asia/Gaza',169,'+02:00','+03:00',true),
(184,'Asia/Hebron',169,'+02:00','+03:00',true),
(185,'Asia/Ho_Chi_Minh',244,'+07:00','+07:00',true),
(186,'Asia/Hong_Kong',99,'+08:00','+08:00',true),
(187,'Asia/Hovd',145,'+07:00','+07:00',true),
(188,'Asia/Irkutsk',183,'+08:00','+08:00',true),
(189,'Asia/Jakarta',103,'+07:00','+07:00',true),
(190,'Asia/Jayapura',103,'+09:00','+09:00',true),
(191,'Asia/Jerusalem',108,'+02:00','+03:00',true),
(192,'Asia/Kabul',1,'+04:30','+04:30',true),
(193,'Asia/Kamchatka',183,'+12:00','+12:00',true),
(194,'Asia/Karachi',167,'+05:00','+05:00',true),
(195,'Asia/Kathmandu',153,'+05:45','+05:45',true),
(196,'Asia/Khandyga',183,'+09:00','+09:00',true),
(197,'Asia/Kolkata',102,'+05:30','+05:30',true),
(198,'Asia/Krasnoyarsk',183,'+07:00','+07:00',true),
(199,'Asia/Kuala_Lumpur',132,'+08:00','+08:00',true),
(200,'Asia/Kuching',132,'+08:00','+08:00',true),
(201,'Asia/Macau',129,'+08:00','+08:00',true),
(202,'Asia/Magadan',183,'+11:00','+11:00',true),
(203,'Asia/Makassar',103,'+08:00','+08:00',true),
(204,'Asia/Manila',174,'+08:00','+08:00',true),
(205,'Asia/Nicosia',57,'+02:00','+03:00',true),
(206,'Asia/Novokuznetsk',183,'+07:00','+07:00',true),
(207,'Asia/Novosibirsk',183,'+07:00','+07:00',true),
(208,'Asia/Omsk',183,'+06:00','+06:00',true),
(209,'Asia/Oral',115,'+05:00','+05:00',true),
(210,'Asia/Pontianak',103,'+07:00','+07:00',true),
(211,'Asia/Pyongyang',163,'+09:00','+09:00',true),
(212,'Asia/Qatar',179,'+03:00','+03:00',true),
(213,'Asia/Qyzylorda',115,'+05:00','+05:00',true),
(214,'Asia/Riyadh',195,'+03:00','+03:00',true),
(215,'Asia/Sakhalin',183,'+11:00','+11:00',true),
(216,'Asia/Samarkand',240,'+05:00','+05:00',true),
(217,'Asia/Seoul',208,'+09:00','+09:00',true),
(218,'Asia/Shanghai',47,'+08:00','+08:00',true),
(219,'Asia/Singapore',200,'+08:00','+08:00',true),
(220,'Asia/Srednekolymsk',183,'+11:00','+11:00',true),
(221,'Asia/Taipei',219,'+08:00','+08:00',true),
(222,'Asia/Tashkent',240,'+05:00','+05:00',true),
(223,'Asia/Tbilisi',82,'+04:00','+04:00',true),
(224,'Asia/Tehran',104,'+03:30','+04:30',true),
(225,'Asia/Thimphu',26,'+06:00','+06:00',true),
(226,'Asia/Tokyo',112,'+09:00','+09:00',true),
(227,'Asia/Tomsk',183,'+07:00','+07:00',true),
(228,'Asia/Ulaanbaatar',145,'+08:00','+08:00',true),
(229,'Asia/Urumqi',47,'+06:00','+06:00',true),
(230,'Asia/Ust-Nera',183,'+10:00','+10:00',true),
(231,'Asia/Vladivostok',183,'+10:00','+10:00',true),
(232,'Asia/Yakutsk',183,'+09:00','+09:00',true),
(233,'Asia/Yangon',150,'+06:30','+06:30',true),
(234,'Asia/Yekaterinburg',183,'+05:00','+05:00',true),
(235,'Asia/Yerevan',12,'+04:00','+04:00',true),
(236,'Atlantic/Azores',177,'-01:00','+00:00',true),
(237,'Atlantic/Bermuda',25,'-04:00','-03:00',true),
(238,'Atlantic/Canary',210,'+00:00','+01:00',true),
(239,'Atlantic/Cape_Verde',42,'-01:00','-01:00',true),
(240,'Atlantic/Faroe',73,'+00:00','+01:00',true),
(241,'Atlantic/Madeira',177,'+00:00','+01:00',true),
(242,'Atlantic/Reykjavik',101,'+00:00','+00:00',true),
(243,'Atlantic/South_Georgia',207,'-02:00','-02:00',true),
(244,'Atlantic/Stanley',72,'-03:00','-03:00',true),
(245,'Australia/Adelaide',14,'+09:30','+10:30',true),
(246,'Australia/Brisbane',14,'+10:00','+10:00',true),
(247,'Australia/Broken_Hill',14,'+09:30','+10:30',true),
(248,'Australia/Currie',14,'+10:00','+11:00',true),
(249,'Australia/Darwin',14,'+09:30','+09:30',true),
(250,'Australia/Eucla',14,'+08:45','+08:45',true),
(251,'Australia/Hobart',14,'+10:00','+11:00',true),
(252,'Australia/Lindeman',14,'+10:00','+10:00',true),
(253,'Australia/Lord_Howe',14,'+10:30','+11:00',true),
(254,'Australia/Melbourne',14,'+10:00','+11:00',true),
(255,'Australia/Perth',14,'+08:00','+08:00',true),
(256,'Australia/Sydney',14,'+10:00','+11:00',true),
(257,'Europe/Amsterdam',154,'+01:00','+02:00',true),
(258,'Europe/Andorra',6,'+01:00','+02:00',true),
(259,'Europe/Astrakhan',183,'+04:00','+04:00',true),
(260,'Europe/Athens',86,'+02:00','+03:00',true),
(261,'Europe/Belgrade',197,'+01:00','+02:00',true),
(262,'Europe/Berlin',83,'+01:00','+02:00',true),
(263,'Europe/Brussels',22,'+01:00','+02:00',true),
(264,'Europe/Bucharest',182,'+02:00','+03:00',true),
(265,'Europe/Budapest',100,'+01:00','+02:00',true),
(266,'Europe/Chisinau',143,'+02:00','+03:00',true),
(267,'Europe/Copenhagen',60,'+01:00','+02:00',true),
(268,'Europe/Dublin',106,'+00:00','+01:00',true),
(269,'Europe/Gibraltar',85,'+01:00','+02:00',true),
(270,'Europe/Helsinki',75,'+02:00','+03:00',true),
(271,'Europe/Istanbul',228,'+03:00','+03:00',true),
(272,'Europe/Kaliningrad',183,'+02:00','+02:00',true),
(273,'Europe/Kiev',233,'+02:00','+03:00',true),
(274,'Europe/Kirov',183,'+03:00','+03:00',true),
(275,'Europe/Lisbon',177,'+00:00','+01:00',true),
(276,'Europe/London',235,'+00:00','+01:00',true),
(277,'Europe/Luxembourg',128,'+01:00','+02:00',true),
(278,'Europe/Madrid',210,'+01:00','+02:00',true),
(279,'Europe/Malta',135,'+01:00','+02:00',true),
(280,'Europe/Minsk',21,'+03:00','+03:00',true),
(281,'Europe/Monaco',144,'+01:00','+02:00',true),
(282,'Europe/Moscow',183,'+03:00','+03:00',true),
(283,'Europe/Oslo',165,'+01:00','+02:00',true),
(284,'Europe/Paris',76,'+01:00','+02:00',true),
(285,'Europe/Prague',58,'+01:00','+02:00',true),
(286,'Europe/Riga',121,'+02:00','+03:00',true),
(287,'Europe/Rome',109,'+01:00','+02:00',true),
(288,'Europe/Samara',183,'+04:00','+04:00',true),
(289,'Europe/Sarajevo',197,'+01:00','+02:00',true),
(290,'Europe/Saratov',183,'+04:00','+04:00',true),
(291,'Europe/Simferopol',233,'+03:00','+03:00',true),
(292,'Europe/Sofia',36,'+02:00','+03:00',true),
(293,'Europe/Stockholm',216,'+01:00','+02:00',true),
(294,'Europe/Tallinn',70,'+02:00','+03:00',true),
(295,'Europe/Tirane',3,'+01:00','+02:00',true),
(296,'Europe/Ulyanovsk',183,'+04:00','+04:00',true),
(297,'Europe/Uzhgorod',233,'+02:00','+03:00',true),
(298,'Europe/Vienna',15,'+01:00','+02:00',true),
(299,'Europe/Vilnius',127,'+02:00','+03:00',true),
(300,'Europe/Volgograd',183,'+04:00','+04:00',true),
(301,'Europe/Warsaw',176,'+01:00','+02:00',true),
(302,'Europe/Zaporozhye',233,'+02:00','+03:00',true),
(303,'Europe/Zurich',217,'+01:00','+02:00',true),
(304,'Indian/Chagos',33,'+06:00','+06:00',true),
(305,'Indian/Christmas',48,'+07:00','+07:00',true),
(306,'Indian/Cocos',49,'+06:30','+06:30',true),
(307,'Indian/Kerguelen',79,'+05:00','+05:00',true),
(308,'Indian/Mahe',198,'+04:00','+04:00',true),
(309,'Indian/Maldives',133,'+05:00','+05:00',true),
(310,'Indian/Mauritius',139,'+04:00','+04:00',true),
(311,'Indian/Reunion',181,'+04:00','+04:00',true),
(312,'Pacific/Apia',192,'+13:00','+14:00',true),
(313,'Pacific/Auckland',156,'+12:00','+13:00',true),
(314,'Pacific/Bougainville',171,'+11:00','+11:00',true),
(315,'Pacific/Chatham',156,'+12:45','+13:45',true),
(316,'Pacific/Chuuk',142,'+10:00','+10:00',true),
(317,'Pacific/Easter',46,'-06:00','-05:00',true),
(318,'Pacific/Efate',241,'+11:00','+11:00',true),
(319,'Pacific/Enderbury',117,'+13:00','+13:00',true),
(320,'Pacific/Fakaofo',224,'+13:00','+13:00',true),
(321,'Pacific/Fiji',74,'+12:00','+13:00',true),
(322,'Pacific/Funafuti',231,'+12:00','+12:00',true),
(323,'Pacific/Galapagos',65,'-06:00','-06:00',true),
(324,'Pacific/Gambier',78,'-09:00','-09:00',true),
(325,'Pacific/Guadalcanal',204,'+11:00','+11:00',true),
(326,'Pacific/Guam',90,'+10:00','+10:00',true),
(327,'Pacific/Honolulu',236,'-10:00','-10:00',true),
(328,'Pacific/Kiritimati',117,'+14:00','+14:00',true),
(329,'Pacific/Kosrae',142,'+11:00','+11:00',true),
(330,'Pacific/Kwajalein',136,'+12:00','+12:00',true),
(331,'Pacific/Majuro',136,'+12:00','+12:00',true),
(332,'Pacific/Marquesas',78,'-09:30','-09:30',true),
(333,'Pacific/Nauru',152,'+12:00','+12:00',true),
(334,'Pacific/Niue',160,'-11:00','-11:00',true),
(335,'Pacific/Norfolk',161,'+11:00','+11:00',true),
(336,'Pacific/Noumea',155,'+11:00','+11:00',true),
(337,'Pacific/Pago_Pago',5,'-11:00','-11:00',true),
(338,'Pacific/Palau',168,'+09:00','+09:00',true),
(339,'Pacific/Pitcairn',175,'-08:00','-08:00',true),
(340,'Pacific/Pohnpei',142,'+11:00','+11:00',true),
(341,'Pacific/Port_Moresby',171,'+10:00','+10:00',true),
(342,'Pacific/Rarotonga',52,'-10:00','-10:00',true),
(343,'Pacific/Tahiti',78,'-10:00','-10:00',true),
(344,'Pacific/Tarawa',117,'+12:00','+12:00',true),
(345,'Pacific/Tongatapu',225,'+13:00','+14:00',true),
(346,'Pacific/Wake',237,'+12:00','+12:00',true),
(347,'Pacific/Wallis',245,'+12:00','+12:00',true),
(348,'America/Anguilla',8,'-04:00','+00:00',true),
(349,'Africa/Ouagadougou',37,'+00:00','+00:00',true),
(350,'Africa/Luanda',7,'+01:00','+00:00',true),
(351,'Africa/Mogadishu',205,'+03:00','+00:00',true),
(352,'Africa/Mbabane',215,'+02:00','+00:00',true),
(353,'Africa/Dar_es_Salaam',221,'+03:00','+00:00',true),
(354,'Africa/Kampala',232,'+03:00','+00:00',true),
(355,'America/St_Vincent',191,'-04:00','+00:00',true),
(356,'Atlantic/St_Helena',186,'+00:00','+00:00',true),
(357,'Africa/Freetown',199,'+00:00','+00:00',true),
(358,'Africa/Lome',223,'+00:00','+00:00',true),
(359,'America/Tortola',34,'-04:00','+00:00',true),
(360,'America/St_Thomas',239,'-04:00','+00:00',true),
(361,'Asia/Saigon',244,'+07:00','+00:00',true),
(362,'Asia/Aden',247,'+03:00','+00:00',true),
(363,'Indian/Mayotte',140,'+03:00','+00:00',true),
(364,'Africa/Lusaka',248,'+02:00','+00:00',true),
(365,'Africa/Harare',249,'+02:00','+00:00',true),
(366,'Africa/Bamako',134,'+00:00','+00:00',true),
(367,'Africa/Nouakchott',138,'+00:00','+00:00',true),
(368,'Africa/Conakry',93,'+00:00','+00:00',true),
(369,'Africa/Dakar',196,'+00:00','+00:00',true),
(370,'Africa/Sao_Tome',194,'+00:00','+00:00',true),
(371,'Africa/Banjul',81,'+00:00','+00:00',true),
(372,'Europe/Zagreb',54,'+01:00','+01:00',true),
(373,'Europe/Isle_of_Man',107,'+00:00','+01:00',true),
(374,'Asia/Calcutta',102,'+05:30','+00:00',true),
(375,'Europe/Jersey',113,'+00:00','+01:00',true),
(376,'Antarctica/South_Pole',9,'+12:00','+01:00',true),
(377,'America/Aruba',13,'-04:00','+00:00',true),
(378,'Europe/Mariehamn',2,'+02:00','+01:00',true),
(379,'Asia/Bahrain',18,'+03:00','+00:00',true),
(380,'Africa/Bujumbura',38,'+02:00','+00:00',true),
(381,'Africa/Porto-Novo',24,'+01:00','+00:00',true),
(382,'Africa/Gaborone',30,'+02:00','+00:00',true),
(383,'Africa/Lubumbashi',59,'+02:00','+00:00',true),
(384,'Africa/Bangui',44,'+01:00','+00:00',true),
(385,'Africa/Brazzaville',180,'+01:00','+00:00',true),
(386,'Africa/Douala',40,'+01:00','+00:00',true),
(387,'Africa/Djibouti',61,'+03:00','+00:00',true),
(388,'America/Dominica',62,'-04:00','+00:00',true),
(389,'Africa/Asmera',69,'+03:00','+00:00',true),
(390,'Africa/Addis_Ababa',71,'+03:00','+00:00',true),
(391,'Atlantic/Faeroe',73,'+00:00','+01:00',true),
(392,'Africa/Libreville',80,'+01:00','+00:00',true),
(393,'America/Grenada',88,'-04:00','+00:00',true),
(394,'Europe/Guernsey',92,'+00:00','+01:00',true),
(395,'America/Guadeloupe',89,'-04:00','+00:00',true),
(396,'Africa/Malabo',68,'+01:00','+00:00',true),
(397,'America/Antigua',10,'-04:00','+00:00',true),
(398,'Asia/Phnom_Penh',39,'+07:00','+00:00',true),
(399,'Indian/Comoro',51,'+03:00','+00:00',true),
(400,'America/St_Kitts',187,'-04:00','+00:00',true),
(401,'Asia/Kuwait',118,'+03:00','+00:00',true),
(402,'America/Cayman',43,'-05:00','+00:00',true),
(403,'Asia/Vientiane',120,'+07:00','+00:00',true),
(404,'America/St_Lucia',188,'-04:00','+00:00',true),
(405,'Europe/Vaduz',126,'+01:00','+01:00',true),
(406,'Africa/Maseru',123,'+02:00','+00:00',true),
(407,'Europe/Podgorica',146,'+01:00','+01:00',true),
(408,'Indian/Antananarivo',130,'+03:00','+00:00',true),
(409,'Europe/Skopje',164,'+01:00','+01:00',true),
(410,'Asia/Rangoon',150,'+06:30','+00:00',true),
(411,'Pacific/Saipan',162,'+10:00','+00:00',true),
(412,'America/Montserrat',147,'-04:00','+00:00',true),
(413,'Africa/Blantyre',131,'+02:00','+00:00',true),
(414,'Africa/Niamey',158,'+01:00','+00:00',true),
(415,'Asia/Katmandu',153,'+05:45','+00:00',true),
(416,'Asia/Muscat',166,'+04:00','+00:00',true),
(417,'Africa/Kigali',184,'+02:00','+00:00',true),
(418,'Europe/Ljubljana',203,'+01:00','+01:00',true),
(419,'Arctic/Longyearbyen',214,'+01:00','+01:00',true),
(420,'Europe/Bratislava',202,'+01:00','+01:00',true),
(421,'Europe/San_Marino',193,'+01:00','+01:00',true);

-- country
ALTER TABLE scheduler.country ADD CONSTRAINT schedule_fk_timezone_fkey FOREIGN KEY (fk_timezone) REFERENCES scheduler.timezone(id_timezone);

-- schedule_status
INSERT INTO scheduler.schedule_status (id_schedule_status, "name", "key", visible, active) VALUES
(1, 'New', 'new', true, true),
(2, 'Accepted', 'accepted', true, true),
(3, 'Denied', 'denied', true, true),
(4, 'Canceled', 'canceled', true, true),
(5, 'Deleted', 'deleted', false, true);


-- migrate down

-- timezone
DROP TABLE scheduler.timezone;

-- country
DROP TABLE scheduler.country;

-- region
DROP TABLE scheduler.region;

-- continent
DROP TABLE scheduler.continent;